"Observation.id","Observation.date","Description","Subject","Behavior","Behavioral.category","Modifiers","Behavior.type","Start..s.","Stop..s.","Duration..s."
"Day1_Ind2","2020-02-27 12:35:28",NA,2,"Other",NA,NA,"STATE","38145.000","38150.944","5.944"
"Day1_Ind2","2020-02-27 12:35:28",NA,2,"Accelerometer",NA,NA,"STATE","38161.451","38167.203","5.752"
"Day1_Ind2","2020-02-27 12:35:28",NA,2,"Accelerometer",NA,NA,"STATE","38167.705","38174.955","7.250"
"Day1_Ind2","2020-02-27 12:35:28",NA,2,"Accelerometer",NA,NA,"STATE","38176.455","38182.771","6.316"
"Day1_Ind2","2020-02-27 12:35:28",NA,2,"Other",NA,NA,"STATE","38186.022","38199.602","13.580"
"Day1_Ind2","2020-02-27 12:35:28",NA,2,"Movement","Locomotion","Trotting","STATE","40633.342","40639.844","6.502"
"Day1_Ind2","2020-02-27 12:35:28",NA,2,"Standing",NA,NA,"STATE","40641.374","40642.624","1.250"
"Day1_Ind2","2020-02-27 12:35:28",NA,2,"Other",NA,NA,"STATE","40642.652","40643.652","1.000"
"Day1_Ind2","2020-02-27 12:35:28",NA,2,"Movement","Locomotion","Walking","STATE","40644.404","40650.155","5.751"
"Day1_Ind2","2020-02-27 12:35:28",NA,2,"Movement","Locomotion","Trotting","STATE","40650.171","40653.672","3.501"
"Day1_Ind2","2020-02-27 12:35:28",NA,2,"Movement","Locomotion","Walking","STATE","40653.925","40656.671","2.746"
"Day1_Ind2","2020-02-27 12:35:28",NA,2,"Standing",NA,NA,"STATE","40656.922","40659.674","2.752"
"Day1_Ind2","2020-02-27 12:35:28",NA,2,"Movement","Locomotion","Trotting","STATE","40660.941","40663.693","2.752"
"Day1_Ind2","2020-02-27 12:35:28",NA,2,"Movement","Locomotion","Walking","STATE","40664.193","40665.473","1.280"
"Day1_Ind2","2020-02-27 12:35:28",NA,2,"Movement","Locomotion","Trotting","STATE","40666.221","40667.473","1.252"
"Day1_Ind2","2020-02-27 12:35:28",NA,2,"Movement","Locomotion","Walking","STATE","40667.973","40668.473","0.500"
"Day1_Ind2","2020-02-27 12:35:28",NA,2,"Standing",NA,NA,"STATE","40669.224","40669.343","0.119"
"Day1_Ind2","2020-02-27 12:35:28",NA,2,"Browsing","Browsing","Low","STATE","40670.093","40671.092","0.999"
"Day1_Ind2","2020-02-27 12:35:28",NA,2,"Movement","Locomotion","Walking","STATE","40671.591","40672.491","0.900"
"Day1_Ind2","2020-02-27 12:35:28",NA,2,"Movement","Locomotion","Trotting","STATE","40672.741","40675.983","3.242"
"Day1_Ind2","2020-02-27 12:35:28",NA,2,"Movement","Locomotion","Walking","STATE","40675.984","40678.150","2.166"
"Day1_Ind2","2020-02-27 12:35:28",NA,2,"Standing",NA,NA,"STATE","40678.154","40681.154","3.000"
"Day1_Ind2","2020-02-27 12:35:28",NA,2,"Other",NA,NA,"STATE","40681.553","40682.803","1.250"
"Day1_Ind2","2020-02-27 12:35:28",NA,2,"Standing",NA,NA,"STATE","40683.302","40685.004","1.702"
"Day1_Ind2","2020-02-27 12:35:28",NA,2,"Movement","Locomotion","Walking","STATE","40685.544","40687.294","1.750"
"Day1_Ind2","2020-02-27 12:35:28",NA,2,"Movement","Locomotion","Trotting","STATE","40687.794","40691.542","3.748"
"Day1_Ind2","2020-02-27 12:35:28",NA,2,"Movement","Locomotion","Walking","STATE","40691.824","40697.824","6.000"
"Day1_Ind2","2020-02-27 12:35:28",NA,2,"Standing",NA,NA,"STATE","40698.072","40698.572","0.500"
"Day1_Ind2","2020-02-27 12:35:28",NA,2,"Movement","Locomotion","Walking","STATE","40699.073","40701.824","2.751"
"Day1_Ind2","2020-02-27 12:35:28",NA,2,"Standing",NA,NA,"STATE","40702.824","40703.371","0.547"
"Day1_Ind2","2020-02-27 12:35:28",NA,2,"Movement","Locomotion","Walking","STATE","40703.874","40709.373","5.499"
"Day1_Ind2","2020-02-27 12:35:28",NA,2,"Grazing","Foraging","Ground","STATE","40710.144","40710.393","0.249"
"Day1_Ind2","2020-02-27 12:35:28",NA,2,"Movement","Locomotion","Walking","STATE","40711.144","40711.392","0.248"
"Day1_Ind2","2020-02-27 12:35:28",NA,2,"Grazing","Foraging","While walking","STATE","40712.144","40712.394","0.250"
"Day1_Ind2","2020-02-27 12:35:28",NA,2,"Grazing","Foraging","Ground","STATE","40712.641","40714.391","1.750"
"Day1_Ind2","2020-02-27 12:35:28",NA,2,"Browsing","Browsing","Low","STATE","40716.174","40717.922","1.748"
"Day1_Ind2","2020-02-27 12:35:28",NA,2,"Grazing","Foraging","Ground","STATE","40719.952","40721.956","2.004"
"Day1_Ind2","2020-02-27 12:35:28",NA,2,"Standing",NA,NA,"STATE","40723.453","40723.694","0.241"
"Day1_Ind2","2020-02-27 12:35:28",NA,2,"Movement","Locomotion","Walking","STATE","40724.441","40726.195","1.754"
"Day1_Ind2","2020-02-27 12:35:28",NA,2,"Standing",NA,NA,"STATE","40726.694","40727.692","0.998"
"Day1_Ind2","2020-02-27 12:35:28",NA,2,"Movement","Locomotion","Trotting","STATE","40728.193","40732.973","4.780"
"Day1_Ind2","2020-02-27 12:35:28",NA,2,"Movement","Locomotion","Walking","STATE","40733.004","40734.255","1.251"
"Day1_Ind2","2020-02-27 12:35:28",NA,2,"Movement","Locomotion","Trotting","STATE","40734.500","40736.121","1.621"
"Day1_Ind2","2020-02-27 12:35:28",NA,2,"Movement","Locomotion","Walking","STATE","40737.120","40743.874","6.754"
"Day1_Ind2","2020-02-27 12:35:28",NA,2,"Standing",NA,NA,"STATE","40744.303","40745.304","1.001"
"Day1_Ind2","2020-02-27 12:35:28",NA,2,"Movement","Locomotion","Walking","STATE","40746.052","40748.801","2.749"
"Day1_Ind2","2020-02-27 12:35:28",NA,2,"Standing",NA,NA,"STATE","40749.051","40750.422","1.371"
"Day1_Ind2","2020-02-27 12:35:28",NA,2,"Browsing","Browsing","Low","STATE","40750.672","40771.670","20.998"
"Day1_Ind2","2020-02-27 12:35:28",NA,2,"Movement","Locomotion","Walking","STATE","40771.660","40771.903","0.243"
"Day1_Ind2","2020-02-27 12:35:28",NA,2,"Movement","Locomotion","Trotting","STATE","40772.152","40778.144","5.992"
"Day1_Ind2","2020-02-27 12:35:28",NA,2,"Missing data",NA,NA,"STATE","40778.801","40780.554","1.753"
"Day1_Ind2","2020-02-27 12:35:28",NA,2,"Movement","Locomotion","Walking","STATE","40781.055","40784.052","2.997"
"Day1_Ind2","2020-02-27 12:35:28",NA,2,"Standing",NA,NA,"STATE","40784.570","40787.073","2.503"
"Day1_Ind2","2020-02-27 12:35:28",NA,2,"Browsing","Browsing","Low","STATE","40787.825","40787.942","0.117"
"Day1_Ind2","2020-02-27 12:35:28",NA,2,"Movement","Locomotion","Trotting","STATE","40789.440","40791.193","1.753"
"Day1_Ind2","2020-02-27 12:35:28",NA,2,"Movement","Locomotion","Walking","STATE","40791.225","40796.711","5.486"
"Day1_Ind2","2020-02-27 12:35:28",NA,2,"Movement","Locomotion","Trotting","STATE","40796.712","40805.341","8.629"
"Day1_Ind2","2020-02-27 12:35:28",NA,2,"Movement","Locomotion","Walking","STATE","40805.522","40811.522","6.000"
"Day1_Ind2","2020-02-27 12:35:28",NA,2,"Grazing","Foraging","Ground","STATE","40813.022","40813.044","0.022"
"Day1_Ind2","2020-02-27 12:35:28",NA,2,"Movement","Locomotion","Walking","STATE","40814.042","40816.043","2.001"
"Day1_Ind2","2020-02-27 12:35:28",NA,2,"Browsing","Browsing","Low","STATE","40816.570","40823.324","6.754"
"Day1_Ind2","2020-02-27 12:35:28",NA,2,"Movement","Locomotion","Trotting","STATE","40823.853","40824.600","0.747"
"Day1_Ind2","2020-02-27 12:35:28",NA,2,"Grazing","Foraging","While walking","STATE","40824.843","40826.094","1.251"
"Day1_Ind2","2020-02-27 12:35:28",NA,2,"Movement","Locomotion","Walking","STATE","40826.344","40827.094","0.750"
"Day1_Ind2","2020-02-27 12:35:28",NA,2,"Browsing","Browsing","Low","STATE","40828.343","40834.093","5.750"
"Day1_Ind2","2020-02-27 12:35:28",NA,2,"Movement","Locomotion","Trotting","STATE","40834.151","40839.151","5.000"
"Day1_Ind2","2020-02-27 12:35:28",NA,2,"Movement","Locomotion","Trotting","STATE","40839.402","40841.774","2.372"
"Day1_Ind2","2020-02-27 12:35:28",NA,2,"Missing data",NA,NA,"STATE","40842.402","40844.653","2.251"
"Day1_Ind2","2020-02-27 12:35:28",NA,2,"Movement","Locomotion","Trotting","STATE","40844.901","40849.402","4.501"
"Day1_Ind2","2020-02-27 12:35:28",NA,2,"Movement","Locomotion","Walking","STATE","40849.704","40852.453","2.749"
"Day1_Ind2","2020-02-27 12:35:28",NA,2,"Movement","Locomotion","Trotting","STATE","40852.952","40860.692","7.740"
"Day1_Ind2","2020-02-27 12:35:28",NA,2,"Movement","Locomotion","Walking","STATE","40860.752","40862.001","1.249"
"Day1_Ind2","2020-02-27 12:35:28",NA,2,"Other",NA,NA,"STATE","40862.505","40864.505","2.000"
"Day1_Ind2","2020-02-27 12:35:28",NA,2,"Movement","Locomotion","Trotting","STATE","40864.994","40868.490","3.496"
"Day1_Ind2","2020-02-27 12:35:28",NA,2,"Movement","Locomotion","Walking","STATE","40868.746","40871.004","2.258"
"Day1_Ind2","2020-02-27 12:35:28",NA,2,"Standing",NA,NA,"STATE","40871.274","40873.271","1.997"
"Day1_Ind2","2020-02-27 12:35:28",NA,2,"Movement","Locomotion","Walking","STATE","40874.304","40877.053","2.749"
"Day1_Ind2","2020-02-27 12:35:28",NA,2,"Standing",NA,NA,"STATE","40877.305","40879.054","1.749"
"Day1_Ind2","2020-02-27 12:35:28",NA,2,"Movement","Locomotion","Walking","STATE","40880.052","40884.055","4.003"
"Day1_Ind2","2020-02-27 12:35:28",NA,2,"Standing",NA,NA,"STATE","40884.802","40887.304","2.502"
"Day1_Ind2","2020-02-27 12:35:28",NA,2,"Movement","Locomotion","Trotting","STATE","40887.351","40891.854","4.503"
"Day1_Ind2","2020-02-27 12:35:28",NA,2,"Missing data",NA,NA,"STATE","40893.354","40897.350","3.996"
"Day1_Ind2","2020-02-27 12:35:28",NA,2,"Movement","Locomotion","Walking","STATE","40900.601","40900.903","0.302"
"Day1_Ind2","2020-02-27 12:35:28",NA,2,"Movement","Locomotion","Trotting","STATE","40901.100","40906.394","5.294"
"Day1_Ind2","2020-02-27 12:35:28",NA,2,"Movement","Locomotion","Walking","STATE","40907.143","40909.052","1.909"
"Day1_Ind2","2020-02-27 12:35:28",NA,2,"Standing",NA,NA,"STATE","40909.801","40911.054","1.253"
"Day1_Ind2","2020-02-27 12:35:28",NA,2,"Movement","Locomotion","Walking","STATE","40911.201","40912.452","1.251"
"Day1_Ind2","2020-02-27 12:35:28",NA,2,"Movement","Locomotion","Trotting","STATE","40912.701","40923.954","11.253"
"Day1_Ind2","2020-02-27 12:35:28",NA,2,"Movement","Locomotion","Walking","STATE","40924.254","40929.482","5.228"
"Day1_Ind2","2020-02-27 12:35:28",NA,2,"Movement","Locomotion","Trotting","STATE","40929.494","40936.242","6.748"
"Day1_Ind2","2020-02-27 12:35:28",NA,2,"Movement","Locomotion","Walking","STATE","40937.552","40938.053","0.501"
"Day1_Ind2","2020-02-27 12:35:28",NA,2,"Movement","Locomotion","Trotting","STATE","40938.301","40939.553","1.252"
"Day1_Ind2","2020-02-27 12:35:28",NA,2,"Movement","Locomotion","Walking","STATE","40939.671","40940.175","0.504"
"Day1_Ind2","2020-02-27 12:35:28",NA,2,"Movement","Locomotion","Trotting","STATE","40940.671","40943.422","2.751"
"Day1_Ind2","2020-02-27 12:35:28",NA,2,"Movement","Locomotion","Walking","STATE","40943.450","40944.954","1.504"
"Day1_Ind2","2020-02-27 12:35:28",NA,2,"Other",NA,NA,"STATE","40945.201","40949.955","4.754"
"Day1_Ind2","2020-02-27 12:35:28",NA,2,"Movement","Locomotion","Trotting","STATE","40950.850","40952.853","2.003"
"Day1_Ind2","2020-02-27 12:35:28",NA,2,"Missing data",NA,NA,"STATE","40953.602","40961.354","7.752"
"Day1_Ind2","2020-02-27 12:35:28",NA,2,"Movement","Locomotion","Walking","STATE","40961.401","40961.905","0.504"
"Day1_Ind2","2020-02-27 12:35:28",NA,2,"Movement","Locomotion","Trotting","STATE","40962.154","40965.152","2.998"
"Day1_Ind2","2020-02-27 12:35:28",NA,2,"Movement","Locomotion","Walking","STATE","40965.401","40968.653","3.252"
"Day1_Ind2","2020-02-27 12:35:28",NA,2,"Standing",NA,NA,"STATE","40968.902","40969.553","0.651"
"Day1_Ind2","2020-02-27 12:35:28",NA,2,"Movement","Locomotion","Walking","STATE","40970.052","40970.799","0.747"
"Day1_Ind2","2020-02-27 12:35:28",NA,2,"Movement","Locomotion","Trotting","STATE","40970.800","40972.053","1.253"
"Day1_Ind2","2020-02-27 12:35:28",NA,2,"Standing",NA,NA,"STATE","40972.554","40973.054","0.500"
"Day1_Ind2","2020-02-27 12:35:28",NA,2,"Movement","Locomotion","Walking","STATE","40973.553","40978.054","4.501"
"Day1_Ind2","2020-02-27 12:35:28",NA,2,"Movement","Locomotion","Trotting","STATE","40978.322","40990.570","12.248"
"Day1_Ind2","2020-02-27 12:35:28",NA,2,"Movement","Locomotion","Walking","STATE","40990.621","40992.372","1.751"
"Day1_Ind2","2020-02-27 12:35:28",NA,2,"Browsing","Browsing","Low","STATE","40992.624","41000.625","8.001"
"Day1_Ind2","2020-02-27 12:35:28",NA,2,"Movement","Locomotion","Trotting","STATE","41001.892","41006.899","5.007"
"Day1_Ind2","2020-02-27 12:35:28",NA,2,"Other",NA,NA,"STATE","41007.041","41008.791","1.750"
"Day1_Ind2","2020-02-27 12:35:28",NA,2,"Movement","Locomotion","Trotting","STATE","41011.545","41018.794","7.249"
"Day1_Ind2","2020-02-27 12:35:28",NA,2,"Standing",NA,NA,"STATE","41019.844","41021.094","1.250"
"Day1_Ind2","2020-02-27 12:35:28",NA,2,"Movement","Locomotion","Walking","STATE","41021.373","41022.625","1.252"
"Day1_Ind2","2020-02-27 12:35:28",NA,2,"Other",NA,NA,"STATE","41023.372","41024.620","1.248"
"Day1_Ind2","2020-02-27 12:35:28",NA,2,"Movement","Locomotion","Walking","STATE","41025.371","41031.000","5.629"
"Day1_Ind2","2020-02-27 12:35:28",NA,2,"Browsing","Browsing","Low","STATE","41031.643","41039.390","7.747"
"Day1_Ind2","2020-02-27 12:35:28",NA,2,"Movement","Locomotion","Trotting","STATE","41039.454","41044.953","5.499"
"Day1_Ind2","2020-02-27 12:35:28",NA,2,"Other",NA,NA,"STATE","41045.355","41046.851","1.496"
"Day1_Ind2","2020-02-27 12:35:28",NA,2,"Movement","Locomotion","Walking","STATE","41047.351","41047.855","0.504"
"Day1_Ind2","2020-02-27 12:35:28",NA,2,"Movement","Locomotion","Trotting","STATE","41049.603","41051.601","1.998"
"Day1_Ind2","2020-02-27 12:35:28",NA,2,"Missing data",NA,NA,"STATE","41051.854","41054.104","2.250"
"Day1_Ind2","2020-02-27 12:35:28",NA,2,"Grazing","Foraging","While walking","STATE","41054.121","41054.873","0.752"
"Day1_Ind2","2020-02-27 12:35:28",NA,2,"Movement","Locomotion","Walking","STATE","41056.120","41061.373","5.253"
"Day1_Ind2","2020-02-27 12:35:28",NA,2,"Grazing","Foraging","Ground","STATE","41061.771","41061.772","0.001"
"Day1_Ind2","2020-02-27 12:35:28",NA,2,"Browsing","Browsing","Low","STATE","41063.023","41065.275","2.252"
"Day1_Ind2","2020-02-27 12:35:28",NA,2,"Movement","Locomotion","Walking","STATE","41065.302","41066.054","0.752"
"Day1_Ind2","2020-02-27 12:35:28",NA,2,"Movement","Locomotion","Trotting","STATE","41066.801","41074.304","7.503"
"Day1_Ind2","2020-02-27 12:35:28",NA,2,"Grazing","Foraging","While walking","STATE","41074.941","41077.692","2.751"
"Day1_Ind2","2020-02-27 12:35:28",NA,2,"Movement","Locomotion","Walking","STATE","41079.444","41080.601","1.157"
"Day1_Ind2","2020-02-27 12:35:28",NA,2,"Movement","Locomotion","Trotting","STATE","41081.601","41084.604","3.003"
"Day1_Ind2","2020-02-27 12:35:28",NA,2,"Movement","Locomotion","Walking","STATE","41085.091","41085.593","0.502"
"Day1_Ind2","2020-02-27 12:35:28",NA,2,"Movement","Locomotion","Trotting","STATE","41085.843","41087.095","1.252"
"Day1_Ind2","2020-02-27 12:35:28",NA,2,"Movement","Locomotion","Walking","STATE","41087.595","41096.594","8.999"
"Day1_Ind2","2020-02-27 12:35:28",NA,2,"Standing",NA,NA,"STATE","41097.552","41098.800","1.248"
"Day1_Ind2","2020-02-27 12:35:28",NA,2,"Movement","Locomotion","Trotting","STATE","41099.552","41101.055","1.503"
"Day1_Ind2","2020-02-27 12:35:28",NA,2,"Movement","Locomotion","Walking","STATE","41101.555","41102.293","0.738"
"Day1_Ind2","2020-02-27 12:35:28",NA,2,"Movement","Locomotion","Trotting","STATE","41103.290","41104.290","1.000"
"Day1_Ind2","2020-02-27 12:35:28",NA,2,"Grazing","Foraging","Ground","STATE","41106.321","41107.320","0.999"
"Day1_Ind2","2020-02-27 12:35:28",NA,2,"Movement","Locomotion","Walking","STATE","41108.575","41109.073","0.498"
"Day1_Ind2","2020-02-27 12:35:28",NA,2,"Movement","Locomotion","Trotting","STATE","41109.320","41114.472","5.152"
"Day1_Ind2","2020-02-27 12:35:28",NA,2,"Movement","Locomotion","Walking","STATE","41114.723","41118.225","3.502"
"Day1_Ind2","2020-02-27 12:35:28",NA,2,"Movement","Locomotion","Trotting","STATE","41119.110","41129.225","10.115"
"Day1_Ind2","2020-02-27 12:35:28",NA,2,"Movement","Locomotion","Walking","STATE","41129.804","41131.304","1.500"
"Day1_Ind2","2020-02-27 12:35:28",NA,2,"Movement","Locomotion","Trotting","STATE","41132.202","41134.041","1.839"
"Day1_Ind2","2020-02-27 12:35:28",NA,2,"Movement","Locomotion","Walking","STATE","41134.949","41135.045","0.096"
"Day1_Ind2","2020-02-27 12:35:28",NA,2,"Browsing","Browsing","Low","STATE","41135.792","41137.542","1.750"
"Day1_Ind2","2020-02-27 12:35:28",NA,2,"Movement","Locomotion","Trotting","STATE","41138.043","41142.795","4.752"
"Day1_Ind2","2020-02-27 12:35:28",NA,2,"Movement","Locomotion","Walking","STATE","41142.853","41145.474","2.621"
"Day1_Ind2","2020-02-27 12:35:28",NA,2,"Other",NA,NA,"STATE","41146.220","41149.973","3.753"
"Day1_Ind2","2020-02-27 12:35:28",NA,2,"Agnostic behavior",NA,NA,"STATE","41149.999","41150.722","0.723"
"Day1_Ind2","2020-02-27 12:35:28",NA,2,"Movement","Locomotion","Walking","STATE","41151.249","41153.754","2.505"
"Day1_Ind2","2020-02-27 12:35:28",NA,2,"Agnostic behavior",NA,NA,"STATE","41153.902","41158.152","4.250"
"Day1_Ind2","2020-02-27 12:35:28",NA,2,"Agnostic behavior",NA,NA,"STATE","41158.904","41160.401","1.497"
"Day1_Ind2","2020-02-27 12:35:28",NA,2,"Movement","Locomotion","Trotting","STATE","41160.643","41164.142","3.499"
"Day1_Ind2","2020-02-27 12:35:28",NA,2,"Missing data",NA,NA,"STATE","41164.390","41167.892","3.502"
"Day1_Ind2","2020-02-27 12:35:28",NA,2,"Movement","Locomotion","Trotting","STATE","41168.143","41173.573","5.430"
"Day1_Ind2","2020-02-27 12:35:28",NA,2,"Movement","Locomotion","Walking","STATE","41173.853","41175.103","1.250"
"Day1_Ind2","2020-02-27 12:35:28",NA,2,"Standing",NA,NA,"STATE","41176.100","41177.471","1.371"
"Day1_Ind2","2020-02-27 12:35:28",NA,2,"Movement","Locomotion","Trotting","STATE","41178.473","41184.959","6.486"
"Day1_Ind2","2020-02-27 12:35:28",NA,2,"Movement","Locomotion","Walking","STATE","41184.960","41185.250","0.290"
"Day1_Ind2","2020-02-27 12:35:28",NA,2,"Browsing","Browsing","Low","STATE","41185.402","41187.652","2.250"
"Day1_Ind2","2020-02-27 12:35:28",NA,2,"Other",NA,NA,"STATE","41188.152","41197.153","9.001"
"Day1_Ind2","2020-02-27 12:35:28",NA,2,"Movement","Locomotion","Walking","STATE","41197.674","41205.170","7.496"
"Day1_Ind2","2020-02-27 12:35:28",NA,2,"Standing",NA,NA,"STATE","41205.601","41205.852","0.251"
"Day1_Ind2","2020-02-27 12:35:28",NA,2,"Movement","Locomotion","Walking","STATE","41207.100","41209.354","2.254"
"Day1_Ind2","2020-02-27 12:35:28",NA,2,"Browsing","Browsing","Low","STATE","41209.599","41225.103","15.504"
"Day1_Ind2","2020-02-27 12:35:28",NA,2,"Movement","Locomotion","Walking","STATE","41226.303","41227.051","0.748"
"Day1_Ind2","2020-02-27 12:35:28",NA,2,"Movement","Locomotion","Trotting","STATE","41227.800","41233.039","5.239"
"Day1_Ind2","2020-02-27 12:35:28",NA,2,"Standing",NA,NA,"STATE","41234.542","41235.323","0.781"
"Day1_Ind2","2020-02-27 12:35:28",NA,2,"Other",NA,NA,"STATE","41235.820","41238.324","2.504"
"Day1_Ind2","2020-02-27 12:35:28",NA,2,"Movement","Locomotion","Trotting","STATE","41239.107","41239.352","0.245"
"Day1_Ind2","2020-02-27 12:35:28",NA,2,"Movement","Locomotion","Walking","STATE","41239.604","41251.103","11.499"
"Day1_Ind2","2020-02-27 12:35:28",NA,2,"Standing",NA,NA,"STATE","41251.654","41251.901","0.247"
"Day1_Ind2","2020-02-27 12:35:28",NA,2,"Movement","Locomotion","Walking","STATE","41251.999","41256.903","4.904"
"Day1_Ind2","2020-02-27 12:35:28",NA,2,"Standing",NA,NA,"STATE","41257.394","41258.391","0.997"
"Day1_Ind2","2020-02-27 12:35:28",NA,2,"Movement","Locomotion","Walking","STATE","41259.671","41262.676","3.005"
"Day1_Ind2","2020-02-27 12:35:28",NA,2,"Standing",NA,NA,"STATE","41263.200","41264.452","1.252"
"Day1_Ind2","2020-02-27 12:35:28",NA,2,"Other",NA,NA,"STATE","41264.701","41265.203","0.502"
"Day1_Ind2","2020-02-27 12:35:28",NA,2,"Movement","Locomotion","Walking","STATE","41265.452","41267.202","1.750"
"Day1_Ind2","2020-02-27 12:35:28",NA,2,"Grazing","Foraging","While walking","STATE","41267.206","41268.192","0.986"
"Day1_Ind2","2020-02-27 12:35:28",NA,2,"Movement","Locomotion","Walking","STATE","41268.440","41268.941","0.501"
"Day1_Ind2","2020-02-27 12:35:28",NA,2,"Missing data",NA,NA,"STATE","41269.194","41271.474","2.280"
"Day1_Ind2","2020-02-27 12:35:28",NA,2,"Movement","Locomotion","Trotting","STATE","41272.470","41278.223","5.753"
"Day1_Ind2","2020-02-27 12:35:28",NA,2,"Other",NA,NA,"STATE","41278.472","41278.621","0.149"
"Day1_Ind2","2020-02-27 12:35:28",NA,2,"Movement","Locomotion","Walking","STATE","41279.122","41281.871","2.749"
"Day1_Ind2","2020-02-27 12:35:28",NA,2,"Other",NA,NA,"STATE","41282.152","41284.651","2.499"
"Day1_Ind2","2020-02-27 12:35:28",NA,2,"Standing",NA,NA,"STATE","41285.403","41286.652","1.249"
"Day1_Ind2","2020-02-27 12:35:28",NA,2,"Movement","Locomotion","Trotting","STATE","41287.151","41295.449","8.298"
"Day1_Ind2","2020-02-27 12:35:28",NA,2,"Movement","Locomotion","Walking","STATE","41295.450","41297.450","2.000"
"Day1_Ind2","2020-02-27 12:35:28",NA,2,"Other",NA,NA,"STATE","41298.200","41303.203","5.003"
"Day1_Ind2","2020-02-27 12:35:28",NA,2,"Standing",NA,NA,"STATE","41303.224","41303.719","0.495"
"Day1_Ind2","2020-02-27 12:35:28",NA,2,"Movement","Locomotion","Walking","STATE","41303.720","41305.473","1.753"
"Day1_Ind2","2020-02-27 12:35:28",NA,2,"Movement","Locomotion","Trotting","STATE","41306.224","41309.721","3.497"
"Day1_Ind2","2020-02-27 12:35:28",NA,2,"Movement","Locomotion","Walking","STATE","41310.002","41310.254","0.252"
"Day1_Ind2","2020-02-27 12:35:28",NA,2,"Agnostic behavior",NA,NA,"STATE","41311.002","41312.001","0.999"
"Day1_Ind2","2020-02-27 12:35:28",NA,2,"Movement","Locomotion","Walking","STATE","41312.250","41323.051","10.801"
"Day1_Ind2","2020-02-27 12:35:28",NA,2,"Browsing","Browsing","Low","STATE","41323.751","41326.039","2.288"
"Day1_Ind2","2020-02-27 12:35:28",NA,2,"Movement","Locomotion","Trotting","STATE","41326.290","41330.542","4.252"
"Day1_Ind2","2020-02-27 12:35:28",NA,2,"Other",NA,NA,"STATE","41331.290","41331.322","0.032"
"Day1_Ind2","2020-02-27 12:35:28",NA,2,"Movement","Locomotion","Trotting","STATE","41331.822","41338.222","6.400"
"Day1_Ind2","2020-02-27 12:35:28",NA,2,"Standing",NA,NA,"STATE","41338.593","41340.844","2.251"
"Day1_Ind2","2020-02-27 12:35:28",NA,2,"Movement","Locomotion","Walking","STATE","41341.371","41341.623","0.252"
"Day1_Ind2","2020-02-27 12:35:28",NA,2,"Grazing","Foraging","While walking","STATE","41341.872","41342.623","0.751"
"Day1_Ind2","2020-02-27 12:35:28",NA,2,"Movement","Locomotion","Walking","STATE","41342.623","41343.874","1.251"
"Day1_Ind2","2020-02-27 12:35:28",NA,2,"Standing",NA,NA,"STATE","41344.373","41345.372","0.999"
"Day1_Ind2","2020-02-27 12:35:28",NA,2,"Movement","Locomotion","Walking","STATE","41346.121","41351.902","5.781"
"Day1_Ind2","2020-02-27 12:35:28",NA,2,"Agnostic behavior",NA,NA,"STATE","41352.023","41353.773","1.750"
"Day1_Ind2","2020-02-27 12:35:28",NA,2,"Movement","Locomotion","Walking","STATE","41354.022","41354.550","0.528"
"Day1_Ind2","2020-02-27 12:35:28",NA,2,"Agnostic behavior",NA,NA,"STATE","41354.803","41356.052","1.249"
"Day1_Ind2","2020-02-27 12:35:28",NA,2,"Movement","Locomotion","Walking","STATE","41356.052","41357.538","1.486"
"Day1_Ind2","2020-02-27 12:35:28",NA,2,"Movement","Locomotion","Trotting","STATE","41357.539","41363.290","5.751"
"Day1_Ind2","2020-02-27 12:35:28",NA,2,"Movement","Locomotion","Walking","STATE","41363.692","41365.692","2.000"
"Day1_Ind2","2020-02-27 12:35:28",NA,2,"Other",NA,NA,"STATE","41366.194","41368.852","2.658"
"Day1_Ind2","2020-02-27 12:35:28",NA,2,"Movement","Locomotion","Trotting","STATE","41369.100","41378.353","9.253"
"Day1_Ind2","2020-02-27 12:35:28",NA,2,"Movement","Locomotion","Walking","STATE","41378.402","41380.649","2.247"
"Day1_Ind2","2020-02-27 12:35:28",NA,2,"Standing",NA,NA,"STATE","41381.151","41384.009","2.858"
"Day1_Ind2","2020-02-27 12:35:28",NA,2,"Movement","Locomotion","Walking","STATE","41384.143","41384.894","0.751"
"Day1_Ind2","2020-02-27 12:35:28",NA,2,"Grazing","Foraging","Ground","STATE","41386.143","41386.169","0.026"
"Day1_Ind2","2020-02-27 12:35:28",NA,2,"Standing",NA,NA,"STATE","41386.924","41392.000","5.076"
"Day1_Ind2","2020-02-27 12:35:28",NA,2,"Movement","Locomotion","Walking","STATE","41392.705","41393.700","0.995"
"Day1_Ind2","2020-02-27 12:35:28",NA,2,"Movement","Locomotion","Trotting","STATE","41393.953","41398.004","4.051"
"Day1_Ind2","2020-02-27 12:35:28",NA,2,"Movement","Locomotion","Walking","STATE","41398.852","41399.102","0.250"
"Day1_Ind2","2020-02-27 12:35:28",NA,2,"Movement","Locomotion","Trotting","STATE","41399.850","41405.103","5.253"
"Day1_Ind2","2020-02-27 12:35:28",NA,2,"Movement","Locomotion","Walking","STATE","41405.603","41408.350","2.747"
"Day1_Ind2","2020-02-27 12:35:28",NA,2,"Other",NA,NA,"STATE","41408.869","41415.871","7.002"
"Day1_Ind2","2020-02-27 12:35:28",NA,2,"Movement","Locomotion","Trotting","STATE","41416.143","41419.394","3.251"
"Day1_Ind2","2020-02-27 12:35:28",NA,2,"Other",NA,NA,"STATE","41419.639","41422.390","2.751"
"Day1_Ind2","2020-02-27 12:35:28",NA,2,"Movement","Locomotion","Walking","STATE","41422.421","41425.172","2.751"
"Day1_Ind2","2020-02-27 12:35:28",NA,2,"Movement","Locomotion","Trotting","STATE","41425.572","41429.819","4.247"
"Day1_Ind2","2020-02-27 12:35:28",NA,2,"Movement","Locomotion","Walking","STATE","41429.943","41431.194","1.251"
"Day1_Ind2","2020-02-27 12:35:28",NA,2,"Standing",NA,NA,"STATE","41432.944","41432.969","0.025"
"Day1_Ind2","2020-02-27 12:35:28",NA,2,"Other",NA,NA,"STATE","41433.221","41436.223","3.002"
"Day1_Ind2","2020-02-27 12:35:28",NA,2,"Movement","Locomotion","Trotting","STATE","41436.503","41442.664","6.161"
"Day1_Ind2","2020-02-27 12:35:28",NA,2,"Movement","Locomotion","Walking","STATE","41442.743","41444.991","2.248"
"Day1_Ind2","2020-02-27 12:35:28",NA,2,"Browsing","Browsing","Low","STATE","41446.243","41453.992","7.749"
"Day1_Ind2","2020-02-27 12:35:28",NA,2,"Movement","Locomotion","Walking","STATE","41454.739","41456.493","1.754"
"Day1_Ind2","2020-02-27 12:35:28",NA,2,"Browsing","Browsing","Low","STATE","41457.071","41464.321","7.250"
"Day1_Ind2","2020-02-27 12:35:28",NA,2,"Movement","Locomotion","Walking","STATE","41465.824","41466.590","0.766"
"Day1_Ind2","2020-02-27 12:35:28",NA,2,"Grazing","Foraging","Ground","STATE","41468.092","41469.094","1.002"
"Day1_Ind2","2020-02-27 12:35:28",NA,2,"Standing",NA,NA,"STATE","41471.840","41471.869","0.029"
"Day1_Ind2","2020-02-27 12:35:28",NA,2,"Agnostic behavior",NA,NA,"STATE","41472.123","41473.372","1.249"
"Day1_Ind2","2020-02-27 12:35:28",NA,2,"Grazing","Foraging","Ground","STATE","41474.369","41474.653","0.284"
"Day1_Ind2","2020-02-27 12:35:28",NA,2,"Browsing","Browsing","Low","STATE","41475.899","41485.153","9.254"
"Day1_Ind2","2020-02-27 12:35:28",NA,2,"Grazing","Foraging","Ground","STATE","41486.649","41487.653","1.004"
"Day1_Ind2","2020-02-27 12:35:28",NA,2,"Browsing","Browsing","Low","STATE","41489.899","41493.451","3.552"
"Day1_Ind2","2020-02-27 12:35:28",NA,2,"Standing",NA,NA,"STATE","41494.202","41497.450","3.248"
"Day1_Ind2","2020-02-27 12:35:28",NA,2,"Browsing","Browsing","Low","STATE","41498.454","41501.705","3.251"
"Day1_Ind2","2020-02-27 12:35:28",NA,2,"Other",NA,NA,"STATE","41502.502","41505.252","2.750"
"Day1_Ind2","2020-02-27 12:35:28",NA,2,"Standing",NA,NA,"STATE","41506.252","41507.502","1.250"
"Day1_Ind2","2020-02-27 12:35:28",NA,2,"Browsing","Browsing","Low","STATE","41508.251","41509.003","0.752"
"Day1_Ind2","2020-02-27 12:35:28",NA,2,"Movement","Locomotion","Walking","STATE","41510.273","41511.520","1.247"
"Day1_Ind2","2020-02-27 12:35:28",NA,2,"Movement","Locomotion","Trotting","STATE","41511.773","41526.442","14.669"
"Day1_Ind2","2020-02-27 12:35:28",NA,2,"Movement","Locomotion","Walking","STATE","41527.104","41531.353","4.249"
"Day1_Ind2","2020-02-27 12:35:28",NA,2,"Standing",NA,NA,"STATE","41531.841","41532.091","0.250"
"Day1_Ind2","2020-02-27 12:35:28",NA,2,"Movement","Locomotion","Walking","STATE","41532.840","41535.840","3.000"
"Day1_Ind2","2020-02-27 12:35:28",NA,2,"Standing",NA,NA,"STATE","41536.092","41539.341","3.249"
"Day1_Ind2","2020-02-27 12:35:28",NA,2,"Movement","Locomotion","Trotting","STATE","41540.771","41543.022","2.251"
"Day1_Ind2","2020-02-27 12:35:28",NA,2,"Browsing","Browsing","Low","STATE","41543.771","41553.552","9.781"
"Day1_Ind2","2020-02-27 12:35:28",NA,2,"Browsing","Browsing","High","STATE","41554.069","41554.323","0.254"
"Day1_Ind2","2020-02-27 12:35:28",NA,2,"Browsing","Browsing","Low","STATE","41554.819","41556.823","2.004"
"Day1_Ind2","2020-02-27 12:35:28",NA,2,"Movement","Locomotion","Walking","STATE","41556.850","41557.351","0.501"
"Day1_Ind2","2020-02-27 12:35:28",NA,2,"Movement","Locomotion","Trotting","STATE","41557.603","41560.600","2.997"
"Day1_Ind2","2020-02-27 12:35:28",NA,2,"Browsing","Browsing","Low","STATE","41561.092","41566.592","5.500"
"Day1_Ind2","2020-02-27 12:35:28",NA,2,"Grazing","Foraging","Ground","STATE","41567.500","41568.002","0.502"
"Day1_Ind2","2020-02-27 12:35:28",NA,2,"Other",NA,NA,"STATE","41568.251","41569.502","1.251"
"Day1_Ind2","2020-02-27 12:35:28",NA,2,"Movement","Locomotion","Trotting","STATE","41569.990","41571.240","1.250"
"Day1_Ind2","2020-02-27 12:35:28",NA,2,"Movement","Locomotion","Walking","STATE","41571.493","41574.491","2.998"
"Day1_Ind2","2020-02-27 12:35:28",NA,2,"Movement","Locomotion","Trotting","STATE","41574.993","41583.228","8.235"
"Day1_Ind2","2020-02-27 12:35:28",NA,2,"Movement","Locomotion","Walking","STATE","41583.242","41589.452","6.210"
"Day1_Ind2","2020-02-27 12:35:28",NA,2,"Standing",NA,NA,"STATE","41589.943","41593.442","3.499"
"Day1_Ind2","2020-02-27 12:35:28",NA,2,"Movement","Locomotion","Walking","STATE","41594.474","41598.973","4.499"
"Day1_Ind2","2020-02-27 12:35:28",NA,2,"Other",NA,NA,"STATE","41599.000","41600.492","1.492"
"Day1_Ind2","2020-02-27 12:35:28",NA,2,"Movement","Locomotion","Walking","STATE","41600.754","41604.993","4.239"
"Day1_Ind2","2020-02-27 12:35:28",NA,2,"Other",NA,NA,"STATE","41606.491","41608.744","2.253"
"Day1_Ind2","2020-02-27 12:35:28",NA,2,"Browsing","Browsing","Low","STATE","41609.992","41610.741","0.749"
"Day1_Ind2","2020-02-27 12:35:28",NA,2,"Agnostic behavior",NA,NA,"STATE","41612.497","41613.920","1.423"
"Day1_Ind2","2020-02-27 12:35:28",NA,2,"Movement","Locomotion","Walking","STATE","41614.674","41616.423","1.749"
"Day1_Ind2","2020-02-27 12:35:28",NA,2,"Agnostic behavior",NA,NA,"STATE","41616.921","41618.174","1.253"
"Day1_Ind2","2020-02-27 12:35:28",NA,2,"Movement","Locomotion","Walking","STATE","41619.170","41623.822","4.652"
"Day1_Ind2","2020-02-27 12:35:28",NA,2,"Movement","Locomotion","Trotting","STATE","41624.353","41626.854","2.501"
"Day1_Ind2","2020-02-27 12:35:28",NA,2,"Other",NA,NA,"STATE","41627.340","41634.590","7.250"
"Day1_Ind2","2020-02-27 12:35:28",NA,2,"Movement","Locomotion","Walking","STATE","41635.593","41639.043","3.450"
"Day1_Ind2","2020-02-27 12:35:28",NA,2,"Grazing","Foraging","While walking","STATE","41639.772","41640.520","0.748"
"Day1_Ind2","2020-02-27 12:35:28",NA,2,"Browsing","Browsing","Low","STATE","41641.020","41643.521","2.501"
"Day1_Ind2","2020-02-27 12:35:28",NA,2,"Standing",NA,NA,"STATE","41644.773","41645.771","0.998"
"Day1_Ind2","2020-02-27 12:35:28",NA,2,"Browsing","Browsing","Low","STATE","41647.520","41656.272","8.752"
"Day1_Ind2","2020-02-27 12:35:28",NA,2,"Grazing","Foraging","Ground","STATE","41657.354","41658.342","0.988"
"Day1_Ind2","2020-02-27 12:35:28",NA,2,"Other",NA,NA,"STATE","41659.840","41663.342","3.502"
"Day1_Ind2","2020-02-27 12:35:28",NA,2,"Browsing","Browsing","Low","STATE","41664.341","41665.594","1.253"
"Day1_Ind2","2020-02-27 12:35:28",NA,2,"Browsing","Browsing","Low","STATE","41665.990","41669.993","4.003"
"Day1_Ind2","2020-02-27 12:35:28",NA,2,"Movement","Locomotion","Walking","STATE","41670.243","41676.243","6.000"
"Day1_Ind2","2020-02-27 12:35:28",NA,2,"Standing",NA,NA,"STATE","41676.739","41677.741","1.002"
"Day1_Ind2","2020-02-27 12:35:28",NA,2,"Other",NA,NA,"STATE","41678.241","41684.240","5.999"
"Day1_Ind2","2020-02-27 12:35:28",NA,2,"Movement","Locomotion","Walking","STATE","41684.492","41685.744","1.252"
"Day1_Ind2","2020-02-27 12:35:28",NA,2,"Other",NA,NA,"STATE","41687.744","41688.742","0.998"
"Day1_Ind2","2020-02-27 12:35:28",NA,2,"Standing",NA,NA,"STATE","41689.494","41690.493","0.999"
"Day1_Ind2","2020-02-27 12:35:28",NA,2,"Other",NA,NA,"STATE","41692.241","41693.494","1.253"
"Day1_Ind2","2020-02-27 12:35:28",NA,2,"Movement","Locomotion","Trotting","STATE","41695.754","41702.000","6.246"
"Day1_Ind2","2020-02-27 12:35:28",NA,2,"Movement","Locomotion","Walking","STATE","41702.753","41705.500","2.747"
"Day1_Ind2","2020-02-27 12:35:28",NA,2,"Movement","Locomotion","Trotting","STATE","41706.054","41710.553","4.499"
"Day1_Ind2","2020-02-27 12:35:28",NA,2,"Movement","Locomotion","Walking","STATE","41712.200","41713.202","1.002"
"Day1_Ind2","2020-02-27 12:35:28",NA,2,"Agnostic behavior",NA,NA,"STATE","41713.950","41714.452","0.502"
"Day1_Ind2","2020-02-27 12:35:28",NA,2,"Movement","Locomotion","Walking","STATE","41716.200","41719.229","3.029"
"Day1_Ind2","2020-02-27 12:35:28",NA,2,"Standing",NA,NA,"STATE","41719.471","41723.000","3.529"
"Day1_Ind2","2020-02-27 12:35:28",NA,2,"Movement","Locomotion","Walking","STATE","41724.470","41730.343","5.873"
"Day1_Ind2","2020-02-27 12:35:28",NA,2,"Other",NA,NA,"STATE","41730.402","41731.153","0.751"
"Day1_Ind2","2020-02-27 12:35:28",NA,2,"Movement","Locomotion","Walking","STATE","41731.403","41735.005","3.602"
"Day1_Ind2","2020-02-27 12:35:28",NA,2,"Grazing","Foraging","Ground","STATE","41736.022","41736.808","0.786"
"Day1_Ind2","2020-02-27 12:35:28",NA,2,"Movement","Locomotion","Walking","STATE","41738.053","41738.668","0.615"
"Day1_Ind2","2020-02-27 12:35:28",NA,2,"Movement","Locomotion","Trotting","STATE","41739.171","41743.672","4.501"
"Day1_Ind2","2020-02-27 12:35:28",NA,2,"Movement","Locomotion","Walking","STATE","41744.699","41746.073","1.374"
"Day1_Ind2","2020-02-27 12:35:28",NA,2,"Movement","Locomotion","Walking","STATE","41747.070","41747.820","0.750"
"Day1_Ind2","2020-02-27 12:35:28",NA,2,"Browsing","Browsing","Low","STATE","41748.819","41755.069","6.250"
"Day1_Ind2","2020-02-27 12:35:28",NA,2,"Movement","Locomotion","Walking","STATE","41755.750","41758.500","2.750"
"Day1_Ind2","2020-02-27 12:35:28",NA,2,"Movement","Locomotion","Trotting","STATE","41760.869","41766.370","5.501"
"Day1_Ind2","2020-02-27 12:35:28",NA,2,"Other",NA,NA,"STATE","41767.020","41767.520","0.500"
"Day1_Ind2","2020-02-27 12:35:28",NA,2,"Movement","Locomotion","Walking","STATE","41769.300","41769.770","0.470"
"Day1_Ind2","2020-02-27 12:35:28",NA,2,"Movement","Locomotion","Walking","STATE","41771.800","41776.070","4.270"
"Day1_Ind2","2020-02-27 12:35:28",NA,2,"Movement","Locomotion","Trotting","STATE","41777.319","41780.320","3.001"
"Day1_Ind2","2020-02-27 12:35:28",NA,2,"Other",NA,NA,"STATE","41781.319","41782.099","0.780"
"Day1_Ind2","2020-02-27 12:35:28",NA,2,"Movement","Locomotion","Trotting","STATE","41782.100","41782.849","0.749"
"Day1_Ind2","2020-02-27 12:35:28",NA,2,"Missing data",NA,NA,"STATE","41784.599","41786.850","2.251"
"Day1_Ind2","2020-02-27 12:35:28",NA,2,"Movement","Locomotion","Trotting","STATE","41787.350","41789.099","1.749"
"Day1_Ind2","2020-02-27 12:35:28",NA,2,"Movement","Locomotion","Walking","STATE","41791.499","41793.999","2.500"
"Day1_Ind2","2020-02-27 12:35:28",NA,2,"Standing",NA,NA,"STATE","41794.989","41797.239","2.250"
"Day1_Ind2","2020-02-27 12:35:28",NA,2,"Grazing","Foraging","Ground","STATE","41799.769","41803.269","3.500"
"Day1_Ind2","2020-02-27 12:35:28",NA,2,"Standing",NA,NA,"STATE","41804.669","41806.170","1.501"
"Day1_Ind2","2020-02-27 12:35:28",NA,2,"Movement","Locomotion","Walking","STATE","41807.919","41808.669","0.750"
"Day1_Ind2","2020-02-27 12:35:28",NA,2,"Missing data",NA,NA,"STATE","41811.820","41813.820","2.000"
"Day1_Ind2","2020-02-27 12:35:28",NA,2,"Movement","Locomotion","Trotting","STATE","41815.070","41816.719","1.649"
"Day1_Ind2","2020-02-27 12:35:28",NA,2,"Movement","Locomotion","Walking","STATE","41817.970","41825.970","8.000"
"Day1_Ind2","2020-02-27 12:35:28",NA,2,"Browsing","Browsing","Low","STATE","41827.399","41832.400","5.001"
"Day1_Ind2","2020-02-27 12:35:28",NA,2,"Movement","Locomotion","Walking","STATE","41834.139","41839.200","5.061"
"Day1_Ind2","2020-02-27 12:35:28",NA,2,"Standing",NA,NA,"STATE","41840.949","41842.449","1.500"
"Day1_Ind2","2020-02-27 12:35:28",NA,2,"Movement","Locomotion","Walking","STATE","41844.200","41846.440","2.240"
"Day1_Ind2","2020-02-27 12:35:28",NA,2,"Missing data",NA,NA,"STATE","41848.690","41856.689","7.999"
"Day1_Ind2","2020-02-27 12:35:28",NA,2,"Missing data",NA,NA,"STATE","41860.939","41866.445","5.506"
"Day1_Ind2","2020-02-27 12:35:28",NA,2,"Movement","Locomotion","Walking","STATE","41866.670","41866.689","0.019"
"Day1_Ind2","2020-02-27 12:35:28",NA,2,"Movement","Locomotion","Trotting","STATE","41867.570","41869.290","1.720"
"Day1_Ind2","2020-02-27 12:35:28",NA,2,"Movement","Locomotion","Walking","STATE","41871.039","41873.040","2.001"
"Day1_Ind2","2020-02-27 12:35:28",NA,2,"Missing data",NA,NA,"STATE","41874.790","41877.043","2.253"
"Day1_Ind2","2020-02-27 12:35:28",NA,2,"Movement","Locomotion","Walking","STATE","41879.790","41881.039","1.249"
"Day1_Ind2","2020-02-27 12:35:28",NA,2,"Other",NA,NA,"STATE","41881.090","41882.089","0.999"
"Day1_Ind2","2020-02-27 12:35:28",NA,2,"Movement","Locomotion","Walking","STATE","41883.589","41885.089","1.500"
"Day1_Ind2","2020-02-27 12:35:28",NA,2,"Grazing","Foraging","Ground","STATE","41887.120","41890.369","3.249"
"Day1_Ind2","2020-02-27 12:35:28",NA,2,"Movement","Locomotion","Walking","STATE","41891.650","41891.900","0.250"
"Day1_Ind2","2020-02-27 12:35:28",NA,2,"Movement","Locomotion","Trotting","STATE","41893.019","41895.269","2.250"
"Day1_Ind2","2020-02-27 12:35:28",NA,2,"Movement","Locomotion","Walking","STATE","41896.520","41904.949","8.429"
"Day1_Ind2","2020-02-27 12:35:28",NA,2,"Movement","Locomotion","Walking","STATE","41906.949","41908.450","1.501"
"Day1_Ind2","2020-02-27 12:35:28",NA,2,"Standing",NA,NA,"STATE","41909.099","41909.600","0.501"
"Day1_Ind2","2020-02-27 12:35:28",NA,2,"Movement","Locomotion","Walking","STATE","41912.849","41915.849","3.000"
"Day1_Ind2","2020-02-27 12:35:28",NA,2,"Browsing","Browsing","Low","STATE","41917.000","41920.750","3.750"
"Day1_Ind2","2020-02-27 12:35:28",NA,2,"Movement","Locomotion","Walking","STATE","41922.990","41930.800","7.810"
"Day1_Ind2","2020-02-27 12:35:28",NA,2,"Other",NA,NA,"STATE","41931.549","41931.800","0.251"
"Day1_Ind2","2020-02-27 12:35:28",NA,2,"Movement","Locomotion","Walking","STATE","41935.550","41938.299","2.749"
"Day1_Ind2","2020-02-27 12:35:28",NA,2,"Other",NA,NA,"STATE","41938.939","41939.940","1.001"
"Day1_Ind2","2020-02-27 12:35:28",NA,2,"Standing",NA,NA,"STATE","41942.939","41949.190","6.251"
"Day1_Ind2","2020-02-27 12:35:28",NA,2,"Missing data",NA,NA,"STATE","41949.249","41951.750","2.501"
"Day1_Ind2","2020-02-27 12:35:28",NA,2,"Movement","Locomotion","Walking","STATE","41953.749","41954.740","0.991"
"Day1_Ind2","2020-02-27 12:35:28",NA,2,"Movement","Locomotion","Trotting","STATE","41956.240","41957.020","0.780"
"Day1_Ind2","2020-02-27 12:35:28",NA,2,"Movement","Locomotion","Walking","STATE","41957.520","41958.919","1.399"
"Day1_Ind2","2020-02-27 12:35:28",NA,2,"Movement","Locomotion","Trotting","STATE","41959.640","41966.200","6.560"
"Day1_Ind2","2020-02-27 12:35:28",NA,2,"Standing",NA,NA,"STATE","41967.450","41968.201","0.751"
"Day1_Ind2","2020-02-27 12:35:28",NA,2,"Movement","Locomotion","Walking","STATE","41968.950","41969.570","0.620"
"Day1_Ind2","2020-02-27 12:35:28",NA,2,"Missing data",NA,NA,"STATE","41970.569","41972.820","2.251"
"Day1_Ind2","2020-02-27 12:35:28",NA,2,"Movement","Locomotion","Walking","STATE","41974.069","41974.450","0.381"
"Day1_Ind2","2020-02-27 12:35:28",NA,2,"Movement","Locomotion","Trotting","STATE","41975.470","41975.850","0.380"
"Day1_Ind2","2020-02-27 12:35:28",NA,2,"Movement","Locomotion","Walking","STATE","41976.720","41976.972","0.252"
"Day1_Ind2","2020-02-27 12:35:28",NA,2,"Movement","Locomotion","Trotting","STATE","41977.469","41978.770","1.301"
"Day1_Ind2","2020-02-27 12:35:28",NA,2,"Movement","Locomotion","Walking","STATE","41980.250","41980.999","0.749"
"Day1_Ind2","2020-02-27 12:35:28",NA,2,"Movement","Locomotion","Trotting","STATE","41981.000","41981.249","0.249"
"Day1_Ind2","2020-02-27 12:35:28",NA,2,"Other",NA,NA,"STATE","41981.750","41982.500","0.750"
"Day1_Ind2","2020-02-27 12:35:28",NA,2,"Movement","Locomotion","Walking","STATE","41983.750","41984.120","0.370"
"Day1_Ind2","2020-02-27 12:35:28",NA,2,"Missing data",NA,NA,"STATE","41985.870","41986.120","0.250"
"Day1_Ind2","2020-02-27 12:35:28",NA,2,"Browsing","Browsing","Low","STATE","41987.400","41988.149","0.749"
"Day1_Ind2","2020-02-27 12:35:28",NA,2,"Grazing","Foraging","Ground","STATE","41989.400","41992.150","2.750"
"Day1_Ind2","2020-02-27 12:35:28",NA,2,"Grazing","Foraging","Ground","STATE","41994.049","41995.549","1.500"
"Day1_Ind2","2020-02-27 12:35:28",NA,2,"Missing data",NA,NA,"STATE","41998.550","42000.300","1.750"
"Day1_Ind2","2020-02-27 12:35:28",NA,2,"Standing",NA,NA,"STATE","42000.800","42005.189","4.389"
"Day1_Ind2","2020-02-27 12:35:28",NA,2,"Missing data",NA,NA,"STATE","42006.439","42007.440","1.001"
"Day1_Ind2","2020-02-27 12:35:28",NA,2,"Browsing","Browsing","Low","STATE","42008.439","42012.439","4.000"
"Day1_Ind2","2020-02-27 12:35:28",NA,2,"Movement","Locomotion","Walking","STATE","42015.000","42019.149","4.149"
"Day1_Ind2","2020-02-27 12:35:28",NA,2,"Browsing","Browsing","Low","STATE","42020.400","42045.069","24.669"
"Day1_Ind2","2020-02-27 12:35:28",NA,2,"Movement","Locomotion","Walking","STATE","42046.000","42050.903","4.903"
"Day1_Ind2","2020-02-27 12:35:28",NA,2,"Missing data",NA,NA,"STATE","42052.400","42052.599","0.199"
"Day1_Ind2","2020-02-27 12:35:28",NA,2,"Browsing","Browsing","Low","STATE","42052.769","42055.270","2.501"
"Day1_Ind2","2020-02-27 12:35:28",NA,2,"Movement","Locomotion","Walking","STATE","42056.390","42060.389","3.999"
"Day1_Ind2","2020-02-27 12:35:28",NA,2,"Movement","Locomotion","Trotting","STATE","42060.670","42061.669","0.999"
"Day1_Ind2","2020-02-27 12:35:28",NA,2,"Movement","Locomotion","Walking","STATE","42062.170","42063.922","1.752"
"Day1_Ind2","2020-02-27 12:35:28",NA,2,"Other",NA,NA,"STATE","42064.070","42064.820","0.750"
"Day1_Ind2","2020-02-27 12:35:28",NA,2,"Movement","Locomotion","Walking","STATE","42066.070","42068.440","2.370"
"Day1_Ind2","2020-02-27 12:35:28",NA,2,"Movement","Locomotion","Trotting","STATE","42068.689","42071.439","2.750"
"Day1_Ind2","2020-02-27 12:35:28",NA,2,"Movement","Locomotion","Walking","STATE","42074.590","42079.589","4.999"
"Day1_Ind2","2020-02-27 12:35:28",NA,2,"Other",NA,NA,"STATE","42079.990","42080.240","0.250"
"Day1_Ind2","2020-02-27 12:35:28",NA,2,"Standing",NA,NA,"STATE","42082.740","42082.990","0.250"
"Day1_Ind2","2020-02-27 12:35:28",NA,2,"Movement","Locomotion","Walking","STATE","42083.150","42085.649","2.499"
"Day1_Ind2","2020-02-27 12:35:28",NA,2,"Browsing","Browsing","Low","STATE","42091.400","42097.150","5.750"
"Day1_Ind2","2020-02-27 12:35:28",NA,2,"Missing data",NA,NA,"STATE","42099.570","42102.070","2.500"
"Day1_Ind2","2020-02-27 12:35:28",NA,2,"Missing data",NA,NA,"STATE","42103.570","42110.619","7.049"
"Day1_Ind2","2020-02-27 12:35:28",NA,2,"Agnostic behavior",NA,NA,"STATE","42110.719","42111.070","0.351"
"Day1_Ind2","2020-02-27 12:35:28",NA,2,"Standing",NA,NA,"STATE","42112.749","42113.000","0.251"
"Day1_Ind2","2020-02-27 12:35:28",NA,2,"Movement","Locomotion","Trotting","STATE","42114.400","42115.650","1.250"
"Day1_Ind2","2020-02-27 12:35:28",NA,2,"Movement","Locomotion","Walking","STATE","42117.019","42119.270","2.251"
"Day1_Ind2","2020-02-27 12:35:28",NA,2,"Movement","Locomotion","Walking","STATE","42121.019","42122.050","1.031"
"Day1_Ind2","2020-02-27 12:35:28",NA,2,"Standing",NA,NA,"STATE","42124.553","42132.800","8.247"
"Day1_Ind2","2020-02-27 12:35:28",NA,2,"Movement","Locomotion","Walking","STATE","42134.349","42140.100","5.751"
"Day1_Ind2","2020-02-27 12:35:28",NA,2,"Standing",NA,NA,"STATE","42142.249","42152.250","10.001"
"Day1_Ind2","2020-02-27 12:35:28",NA,2,"Missing data",NA,NA,"STATE","42154.139","42162.890","8.751"
"Day1_Ind2","2020-02-27 12:35:28",NA,2,"Movement","Locomotion","Walking","STATE","42164.140","42164.890","0.750"
"Day1_Ind2","2020-02-27 12:35:28",NA,2,"Standing",NA,NA,"STATE","42165.939","42166.939","1.000"
"Day1_Ind2","2020-02-27 12:35:28",NA,2,"Grazing","Foraging","Ground","STATE","42168.219","42168.221","0.002"
"Day1_Ind2","2020-02-27 12:35:28",NA,2,"Standing",NA,NA,"STATE","42169.473","42170.719","1.246"
"Day1_Ind2","2020-02-27 12:35:28",NA,2,"Movement","Locomotion","Walking","STATE","42172.340","42173.090","0.750"
"Day1_Ind2","2020-02-27 12:35:28",NA,2,"Standing",NA,NA,"STATE","42174.340","42178.089","3.749"
"Day1_Ind2","2020-02-27 12:35:28",NA,2,"Movement","Locomotion","Walking","STATE","42179.489","42181.739","2.250"
"Day1_Ind2","2020-02-27 12:35:28",NA,2,"Standing",NA,NA,"STATE","42182.640","42183.140","0.500"
"Day1_Ind2","2020-02-27 12:35:28",NA,2,"Movement","Locomotion","Walking","STATE","42184.294","42184.390","0.096"
"Day1_Ind2","2020-02-27 12:35:28",NA,2,"Movement","Locomotion","Trotting","STATE","42184.639","42185.639","1.000"
"Day1_Ind2","2020-02-27 12:35:28",NA,2,"Movement","Locomotion","Walking","STATE","42186.920","42193.920","7.000"
"Day1_Ind2","2020-02-27 12:35:28",NA,2,"Browsing","Browsing","Low","STATE","42195.820","42200.099","4.279"
"Day1_Ind2","2020-02-27 12:35:28",NA,2,"Grazing","Foraging","Ground","STATE","42202.100","42206.350","4.250"
"Day1_Ind2","2020-02-27 12:35:28",NA,2,"Movement","Locomotion","Walking","STATE","42207.739","42207.840","0.101"
"Day1_Ind2","2020-02-27 12:35:28",NA,2,"Movement","Locomotion","Trotting","STATE","42208.239","42209.994","1.755"
"Day1_Ind2","2020-02-27 12:35:28",NA,2,"Browsing","Browsing","High","STATE","42212.400","42212.650","0.250"
"Day1_Ind2","2020-02-27 12:35:28",NA,2,"Browsing","Browsing","Low","STATE","42215.650","42229.390","13.740"
"Day1_Ind2","2020-02-27 12:35:28",NA,2,"Browsing","Browsing","High","STATE","42235.590","42238.843","3.253"
"Day1_Ind2","2020-02-27 12:35:28",NA,2,"Other",NA,NA,"STATE","42242.119","42245.123","3.004"
"Day1_Ind2","2020-02-27 12:35:28",NA,2,"Browsing","Browsing","High","STATE","42246.719","42253.270","6.551"
"Day1_Ind2","2020-02-27 12:35:28",NA,2,"Browsing","Browsing","Low","STATE","42255.520","42260.270","4.750"
"Day1_Ind2","2020-02-27 12:35:28",NA,2,"Browsing","Browsing","High","STATE","42262.849","42262.850","0.001"
"Day1_Ind2","2020-02-27 12:35:28",NA,2,"Standing",NA,NA,"STATE","42265.850","42266.100","0.250"
"Day1_Ind2","2020-02-27 12:35:28",NA,2,"Movement","Locomotion","Walking","STATE","42267.469","42270.749","3.280"
"Day1_Ind2","2020-02-27 12:35:28",NA,2,"Other",NA,NA,"STATE","42271.120","42272.369","1.249"
"Day1_Ind2","2020-02-27 12:35:28",NA,2,"Grazing","Foraging","Ground","STATE","42273.370","42274.619","1.249"
"Day1_Ind2","2020-02-27 12:35:28",NA,2,"Standing",NA,NA,"STATE","42276.649","42278.400","1.751"
"Day1_Ind2","2020-02-27 12:35:28",NA,2,"Movement","Locomotion","Walking","STATE","42280.050","42280.519","0.469"
"Day1_Ind2","2020-02-27 12:35:28",NA,2,"Other",NA,NA,"STATE","42280.799","42281.299","0.500"
"Day1_Ind2","2020-02-27 12:35:28",NA,2,"Standing",NA,NA,"STATE","42283.300","42283.800","0.500"
"Day1_Ind2","2020-02-27 12:35:28",NA,2,"Movement","Locomotion","Walking","STATE","42284.790","42286.190","1.400"
"Day1_Ind2","2020-02-27 12:35:28",NA,2,"Movement","Locomotion","Trotting","STATE","42286.950","42287.449","0.499"
"Day1_Ind2","2020-02-27 12:35:28",NA,2,"Movement","Locomotion","Walking","STATE","42288.450","42291.440","2.990"
"Day1_Ind2","2020-02-27 12:35:28",NA,2,"Browsing","Browsing","Low","STATE","42292.939","42303.620","10.681"
"Day1_Ind2","2020-02-27 12:35:28",NA,2,"Movement","Locomotion","Walking","STATE","42304.740","42305.240","0.500"
"Day1_Ind2","2020-02-27 12:35:28",NA,2,"Missing data",NA,NA,"STATE","42308.989","42326.769","17.780"
"Day1_Ind2","2020-02-27 12:35:28",NA,2,"Browsing","Browsing","Low","STATE","42327.270","42327.520","0.250"
"Day1_Ind2","2020-02-27 12:35:28",NA,2,"Missing data",NA,NA,"STATE","42331.470","42345.720","14.250"
"Day1_Ind2","2020-02-27 12:35:28",NA,2,"Browsing","Browsing","Low","STATE","42346.720","42350.720","4.000"
"Day1_Ind2","2020-02-27 12:35:28",NA,2,"Browsing","Browsing","Low","STATE","42353.950","42355.188","1.238"
"Day1_Ind2","2020-02-27 12:35:28",NA,2,"Movement","Locomotion","Walking","STATE","42356.438","42357.598","1.160"
"Day1_Ind2","2020-02-27 12:35:28",NA,2,"Standing",NA,NA,"STATE","42359.349","42360.349","1.000"
"Day1_Ind2","2020-02-27 12:35:28",NA,2,"Movement","Locomotion","Walking","STATE","42361.848","42368.338","6.490"
"Day1_Ind2","2020-02-27 12:35:28",NA,2,"Browsing","Browsing","Low","STATE","42369.488","42374.489","5.001"
"Day1_Ind2","2020-02-27 12:35:28",NA,2,"Browsing","Browsing","Low","STATE","42378.139","42383.892","5.753"
"Day1_Ind2","2020-02-27 12:35:28",NA,2,"Other",NA,NA,"STATE","42384.538","42385.538","1.000"
"Day1_Ind2","2020-02-27 12:35:28",NA,2,"Browsing","Browsing","Low","STATE","42386.538","42388.288","1.750"
"Day1_Ind2","2020-02-27 12:35:28",NA,2,"Browsing","Browsing","Low","STATE","42392.689","42393.689","1.000"
"Day1_Ind2","2020-02-27 12:35:28",NA,2,"Browsing","Browsing","Low","STATE","42397.469","42412.219","14.750"
"Day1_Ind2","2020-02-27 12:35:28",NA,2,"Movement","Locomotion","Walking","STATE","42415.538","42417.789","2.251"
"Day1_Ind2","2020-02-27 12:35:28",NA,2,"Standing",NA,NA,"STATE","42418.699","42426.218","7.519"
"Day1_Ind2","2020-02-27 12:35:28",NA,2,"Other",NA,NA,"STATE","42427.718","42431.468","3.750"
"Day1_Ind2","2020-02-27 12:35:28",NA,2,"Standing",NA,NA,"STATE","42433.719","42441.969","8.250"
"Day1_Ind2","2020-02-27 12:35:28",NA,2,"Other",NA,NA,"STATE","42442.798","42443.548","0.750"
"Day1_Ind2","2020-02-27 12:35:28",NA,2,"Standing",NA,NA,"STATE","42445.798","42448.549","2.751"
"Day1_Ind2","2020-02-27 12:35:28",NA,2,"Movement","Locomotion","Walking","STATE","42449.068","42451.819","2.751"
"Day1_Ind2","2020-02-27 12:35:28",NA,2,"Standing",NA,NA,"STATE","42454.319","42454.818","0.499"
"Day1_Ind2","2020-02-27 12:35:28",NA,2,"Standing",NA,NA,"STATE","42456.969","42458.218","1.249"
"Day1_Ind2","2020-02-27 12:35:28",NA,2,"Movement","Locomotion","Trotting","STATE","42463.969","42465.218","1.249"
"Day1_Ind2","2020-02-27 12:35:28",NA,2,"Movement","Locomotion","Walking","STATE","42466.218","42466.719","0.501"
"Day1_Ind2","2020-02-27 12:35:28",NA,2,"Movement","Locomotion","Trotting","STATE","42467.489","42470.269","2.780"
"Day1_Ind2","2020-02-27 12:35:28",NA,2,"Movement","Locomotion","Walking","STATE","42472.268","42474.798","2.530"
"Day1_Ind2","2020-02-27 12:35:28",NA,2,"Standing",NA,NA,"STATE","42476.049","42477.049","1.000"
"Day1_Ind2","2020-02-27 12:35:28",NA,2,"Movement","Locomotion","Walking","STATE","42477.788","42479.289","1.501"
"Day1_Ind2","2020-02-27 12:35:28",NA,2,"Missing data",NA,NA,"STATE","42479.539","42487.291","7.752"
"Day1_Ind2","2020-02-27 12:35:28",NA,2,"Movement","Locomotion","Walking","STATE","42487.391","42488.550","1.159"
"Day1_Ind2","2020-02-27 12:35:28",NA,2,"Browsing","Browsing","Low","STATE","42489.839","42509.338","19.499"
"Day1_Ind2","2020-02-27 12:35:28",NA,2,"Movement","Locomotion","Trotting","STATE","42511.788","42515.439","3.651"
"Day1_Ind2","2020-02-27 12:35:28",NA,2,"Movement","Locomotion","Walking","STATE","42516.439","42519.189","2.750"
"Day1_Ind2","2020-02-27 12:35:28",NA,2,"Other",NA,NA,"STATE","42519.969","42520.719","0.750"
"Day1_Ind2","2020-02-27 12:35:28",NA,2,"Standing",NA,NA,"STATE","42522.719","42527.219","4.500"
"Day1_Ind2","2020-02-27 12:35:28",NA,2,"Movement","Locomotion","Walking","STATE","42528.118","42529.869","1.751"
"Day1_Ind2","2020-02-27 12:35:28",NA,2,"Movement","Locomotion","Trotting","STATE","42530.369","42533.869","3.500"
"Day1_Ind2","2020-02-27 12:35:28",NA,2,"Missing data",NA,NA,"STATE","42534.648","42539.399","4.751"
"Day1_Ind2","2020-02-27 12:35:28",NA,2,"Movement","Locomotion","Walking","STATE","42540.648","42545.009","4.361"
"Day1_Ind2","2020-02-27 12:35:28",NA,2,"Standing",NA,NA,"STATE","42547.069","42563.319","16.250"
"Day1_Ind2","2020-02-27 12:35:28",NA,2,"Movement","Locomotion","Walking","STATE","42564.648","42568.149","3.501"
"Day1_Ind2","2020-02-27 12:35:28",NA,2,"Other",NA,NA,"STATE","42569.889","42570.139","0.250"
"Day1_Ind2","2020-02-27 12:35:28",NA,2,"Movement","Locomotion","Trotting","STATE","42570.639","42570.889","0.250"
"Day1_Ind2","2020-02-27 12:35:28",NA,2,"Movement","Locomotion","Walking","STATE","42572.299","42574.049","1.750"
"Day1_Ind2","2020-02-27 12:35:28",NA,2,"Movement","Locomotion","Trotting","STATE","42574.789","42575.038","0.249"
"Day1_Ind2","2020-02-27 12:35:28",NA,2,"Missing data",NA,NA,"STATE","42575.698","42578.448","2.750"
"Day1_Ind2","2020-02-27 12:35:28",NA,2,"Missing data",NA,NA,"STATE","42580.698","42581.949","1.251"
"Day1_Ind2","2020-02-27 12:35:28",NA,2,"Movement","Locomotion","Walking","STATE","42582.688","42584.189","1.501"
"Day1_Ind2","2020-02-27 12:35:28",NA,2,"Movement","Locomotion","Trotting","STATE","42585.471","42586.339","0.868"
"Day1_Ind2","2020-02-27 12:35:28",NA,2,"Standing",NA,NA,"STATE","42589.592","42591.338","1.746"
"Day1_Ind2","2020-02-27 12:35:28",NA,2,"Movement","Locomotion","Trotting","STATE","42592.868","42596.568","3.700"
"Day1_Ind2","2020-02-27 12:35:28",NA,2,"Movement","Locomotion","Walking","STATE","42597.898","42599.899","2.001"
"Day1_Ind2","2020-02-27 12:35:28",NA,2,"Movement","Locomotion","Walking","STATE","42601.049","42601.549","0.500"
"Day1_Ind2","2020-02-27 12:35:28",NA,2,"Standing",NA,NA,"STATE","42603.549","42607.799","4.250"
"Day1_Ind2","2020-02-27 12:35:28",NA,2,"Movement","Locomotion","Walking","STATE","42608.949","42611.449","2.500"
"Day1_Ind2","2020-02-27 12:35:28",NA,2,"Movement","Locomotion","Walking","STATE","42614.188","42622.188","8.000"
"Day1_Ind2","2020-02-27 12:35:28",NA,2,"Standing",NA,NA,"STATE","42623.119","42655.438","32.319"
"Day1_Ind2","2020-02-27 12:35:28",NA,2,"Movement","Locomotion","Walking","STATE","42655.870","42657.621","1.751"
"Day1_Ind2","2020-02-27 12:35:28",NA,2,"Standing",NA,NA,"STATE","42657.870","42678.021","20.151"
"Day1_Ind2","2020-02-27 12:35:28",NA,2,"Movement","Locomotion","Walking","STATE","42678.688","42686.436","7.748"
"Day1_Ind2","2020-02-27 12:35:28",NA,2,"Standing",NA,NA,"STATE","42686.850","42690.099","3.249"
"Day1_Ind2","2020-02-27 12:35:28",NA,2,"Movement","Locomotion","Walking","STATE","42691.099","42692.882","1.783"
"Day1_Ind2","2020-02-27 12:35:28",NA,2,"Browsing","Browsing","Low","STATE","42693.629","42706.632","13.003"
"Day1_Ind2","2020-02-27 12:35:28",NA,2,"Grazing","Foraging","While walking","STATE","42707.550","42709.047","1.497"
"Day1_Ind2","2020-02-27 12:35:28",NA,2,"Grazing","Foraging","Ground","STATE","42709.300","42709.580","0.280"
"Day1_Ind2","2020-02-27 12:35:28",NA,2,"Standing",NA,NA,"STATE","42711.578","42718.330","6.752"
"Day1_Ind2","2020-02-27 12:35:28",NA,2,"Movement","Locomotion","Walking","STATE","42719.577","42721.082","1.505"
"Day1_Ind2","2020-02-27 12:35:28",NA,2,"Browsing","Browsing","Low","STATE","42722.832","42724.830","1.998"
"Day1_Ind2","2020-02-27 12:35:28",NA,2,"Grazing","Foraging","Ground","STATE","42725.899","42726.649","0.750"
"Day1_Ind2","2020-02-27 12:35:28",NA,2,"Standing",NA,NA,"STATE","42728.638","42729.141","0.503"
"Day1_Ind2","2020-02-27 12:35:28",NA,2,"Grazing","Foraging","Ground","STATE","42730.549","42739.797","9.248"
"Day1_Ind2","2020-02-27 12:35:28",NA,2,"Standing",NA,NA,"STATE","42741.051","42741.551","0.500"
"Day1_Ind2","2020-02-27 12:35:28",NA,2,"Movement","Locomotion","Walking","STATE","42742.299","42744.050","1.751"
"Day1_Ind2","2020-02-27 12:35:28",NA,2,"Standing",NA,NA,"STATE","42744.721","42748.470","3.749"
"Day1_Ind2","2020-02-27 12:35:28",NA,2,"Movement","Locomotion","Walking","STATE","42749.221","42753.718","4.497"
"Day1_Ind2","2020-02-27 12:35:28",NA,2,"Standing",NA,NA,"STATE","42753.989","42756.991","3.002"
"Day1_Ind2","2020-02-27 12:35:28",NA,2,"Movement","Locomotion","Walking","STATE","42758.739","42767.989","9.250"
"Day1_Ind2","2020-02-27 12:35:28",NA,2,"Standing",NA,NA,"STATE","42769.240","42772.488","3.248"
"Day1_Ind2","2020-02-27 12:35:28",NA,2,"Movement","Locomotion","Walking","STATE","42774.490","42780.988","6.498"
"Day1_Ind2","2020-02-27 12:35:28",NA,2,"Standing",NA,NA,"STATE","42781.501","42781.748","0.247"
"Day1_Ind2","2020-02-27 12:35:28",NA,2,"Movement","Locomotion","Walking","STATE","42782.618","42783.116","0.498"
"Day1_Ind2","2020-02-27 12:35:28",NA,2,"Standing",NA,NA,"STATE","42783.868","42792.117","8.249"
"Day1_Ind2","2020-02-27 12:35:28",NA,2,"Standing",NA,NA,"STATE","42794.117","42800.370","6.253"
"Day1_Ind2","2020-02-27 12:35:28",NA,2,"Movement","Locomotion","Walking","STATE","42801.621","42803.124","1.503"
"Day1_Ind2","2020-02-27 12:35:28",NA,2,"Agnostic behavior",NA,NA,"STATE","42803.190","42804.940","1.750"
"Day1_Ind2","2020-02-27 12:35:28",NA,2,"Standing",NA,NA,"STATE","42805.691","42807.936","2.245"
"Day1_Ind2","2020-02-27 12:35:28",NA,2,"Standing",NA,NA,"STATE","42808.941","42826.938","17.997"
"Day1_Ind2","2020-02-27 12:35:28",NA,2,"Grazing","Foraging","Ground","STATE","42830.549","42832.050","1.501"
"Day1_Ind2","2020-02-27 12:35:28",NA,2,"Other",NA,NA,"STATE","42833.547","42836.300","2.753"
"Day1_Ind2","2020-02-27 12:35:28",NA,2,"Standing",NA,NA,"STATE","42836.938","42866.440","29.502"
"Day1_Ind2","2020-02-27 12:35:28",NA,2,"Movement","Locomotion","Walking","STATE","42868.189","42869.190","1.001"
"Day1_Ind2","2020-02-27 12:35:28",NA,2,"Standing",NA,NA,"STATE","42869.441","42877.936","8.495"
"Day1_Ind2","2020-02-27 12:35:28",NA,2,"Grazing","Foraging","Ground","STATE","42879.941","42882.690","2.749"
"Day1_Ind2","2020-02-27 12:35:28",NA,2,"Other",NA,NA,"STATE","42883.440","42889.189","5.749"
"Day1_Ind2","2020-02-27 12:35:28",NA,2,"Standing",NA,NA,"STATE","42889.689","42897.189","7.500"
"Day1_Ind2","2020-02-27 12:35:28",NA,2,"Other",NA,NA,"STATE","42897.570","42900.067","2.497"
"Day1_Ind2","2020-02-27 12:35:28",NA,2,"Movement","Locomotion","Walking","STATE","42901.319","42904.318","2.999"
"Day1_Ind2","2020-02-27 12:35:28",NA,2,"Browsing","Browsing","Low","STATE","42904.816","42920.070","15.254"
"Day1_Ind2","2020-02-27 12:35:28",NA,2,"Movement","Locomotion","Walking","STATE","42921.386","42921.801","0.415"
"Day1_Ind2","2020-02-27 12:35:28",NA,2,"Other",NA,NA,"STATE","42922.550","42926.301","3.751"
"Day1_Ind2","2020-02-27 12:35:28",NA,2,"Standing",NA,NA,"STATE","42928.548","42936.300","7.752"
"Day1_Ind2","2020-02-27 12:35:28",NA,2,"Other",NA,NA,"STATE","42936.467","42947.969","11.502"
"Day1_Ind2","2020-02-27 12:35:28",NA,2,"Standing",NA,NA,"STATE","42948.469","42955.717","7.248"
"Day1_Ind2","2020-02-27 12:35:28",NA,2,"Movement","Locomotion","Walking","STATE","42956.537","42959.290","2.753"
"Day1_Ind2","2020-02-27 12:35:28",NA,2,"Other",NA,NA,"STATE","42960.039","42962.038","1.999"
"Day1_Ind2","2020-02-27 12:35:28",NA,2,"Standing",NA,NA,"STATE","42962.791","42969.789","6.998"
"Day1_Ind2","2020-02-27 12:35:28",NA,2,"Movement","Locomotion","Walking","STATE","42971.037","42973.289","2.252"
"Day1_Ind2","2020-02-27 12:35:28",NA,2,"Agnostic behavior",NA,NA,"STATE","42973.789","42976.288","2.499"
"Day1_Ind2","2020-02-27 12:35:28",NA,2,"Standing",NA,NA,"STATE","42977.489","42986.738","9.249"
"Day1_Ind2","2020-02-27 12:35:28",NA,2,"Grazing","Foraging","Ground","STATE","42988.491","42990.991","2.500"
"Day1_Ind2","2020-02-27 12:35:28",NA,2,"Other",NA,NA,"STATE","42993.240","42996.241","3.001"
"Day1_Ind2","2020-02-27 12:35:28",NA,2,"Standing",NA,NA,"STATE","42998.238","43001.990","3.752"
"Day1_Ind2","2020-02-27 12:35:28",NA,2,"Other",NA,NA,"STATE","43003.240","43004.741","1.501"
"Day1_Ind2","2020-02-27 12:35:28",NA,2,"Standing",NA,NA,"STATE","43005.741","43016.240","10.499"
"Day1_Ind2","2020-02-27 12:35:28",NA,2,"Other",NA,NA,"STATE","43016.741","43018.237","1.496"
"Day1_Ind2","2020-02-27 12:35:28",NA,2,"Movement","Locomotion","Walking","STATE","43018.741","43021.990","3.249"
"Day1_Ind2","2020-02-27 12:35:28",NA,2,"Browsing","Browsing","Low","STATE","43022.489","43036.991","14.502"
"Day1_Ind2","2020-02-27 12:35:28",NA,2,"Grazing","Foraging","Ground","STATE","43037.986","43037.990","0.004"
"Day1_Ind2","2020-02-27 12:35:28",NA,2,"Grazing","Foraging","Ground","STATE","43041.000","43044.501","3.501"
"Day1_Ind2","2020-02-27 12:35:28",NA,2,"Browsing","Browsing","Low","STATE","43046.252","43055.540","9.288"
"Day1_Ind2","2020-02-27 12:35:28",NA,2,"Movement","Locomotion","Walking","STATE","43056.200","43060.449","4.249"
"Day1_Ind2","2020-02-27 12:35:28",NA,2,"Standing",NA,NA,"STATE","43060.701","43075.700","14.999"
"Day1_Ind2","2020-02-27 12:35:28",NA,2,"Other",NA,NA,"STATE","43077.269","43078.270","1.001"
"Day1_Ind2","2020-02-27 12:35:28",NA,2,"Standing",NA,NA,"STATE","43079.020","43081.771","2.751"
"Day1_Ind2","2020-02-27 12:35:28",NA,2,"Other",NA,NA,"STATE","43082.018","43084.767","2.749"
"Day1_Ind2","2020-02-27 12:35:28",NA,2,"Standing",NA,NA,"STATE","43085.271","43093.271","8.000"
"Day1_Ind2","2020-02-27 12:35:28",NA,2,"Other",NA,NA,"STATE","43093.691","43096.691","3.000"
"Day1_Ind2","2020-02-27 12:35:28",NA,2,"Movement","Locomotion","Walking","STATE","43097.688","43109.690","12.002"
"Day1_Ind2","2020-02-27 12:35:28",NA,2,"Standing",NA,NA,"STATE","43110.439","43116.437","5.998"
"Day1_Ind2","2020-02-27 12:35:28",NA,2,"Standing",NA,NA,"STATE","43118.670","43121.449","2.779"
"Day1_Ind2","2020-02-27 12:35:28",NA,2,"Movement","Locomotion","Walking","STATE","43122.447","43127.197","4.750"
"Day1_Ind2","2020-02-27 12:35:28",NA,2,"Agnostic behavior",NA,NA,"STATE","43127.219","43128.216","0.997"
"Day1_Ind2","2020-02-27 12:35:28",NA,2,"Movement","Locomotion","Trotting","STATE","43128.471","43130.221","1.750"
"Day1_Ind2","2020-02-27 12:35:28",NA,2,"Movement","Locomotion","Walking","STATE","43130.589","43133.837","3.248"
"Day1_Ind2","2020-02-27 12:35:28",NA,2,"Movement","Locomotion","Trotting","STATE","43134.841","43139.590","4.749"
"Day1_Ind2","2020-02-27 12:35:28",NA,2,"Movement","Locomotion","Walking","STATE","43140.091","43143.087","2.996"
"Day1_Ind2","2020-02-27 12:35:28",NA,2,"Grazing","Foraging","While walking","STATE","43144.139","43144.641","0.502"
"Day1_Ind2","2020-02-27 12:35:28",NA,2,"Movement","Locomotion","Walking","STATE","43145.549","43148.047","2.498"
"Day1_Ind2","2020-02-27 12:35:28",NA,2,"Standing",NA,NA,"STATE","43149.299","43149.788","0.489"
"Day1_Ind2","2020-02-27 12:35:28",NA,2,"Standing",NA,NA,"STATE","43151.538","43152.697","1.159"
"Day1_Ind2","2020-02-27 12:35:28",NA,2,"Grazing","Foraging","Ground","STATE","43153.699","43154.947","1.248"
"Day1_Ind2","2020-02-27 12:35:28",NA,2,"Other",NA,NA,"STATE","43155.941","43156.438","0.497"
"Day1_Ind2","2020-02-27 12:35:28",NA,2,"Grazing","Foraging","Ground","STATE","43156.936","43157.689","0.753"
"Day1_Ind2","2020-02-27 12:35:28",NA,2,"Movement","Locomotion","Walking","STATE","43158.849","43160.350","1.501"
"Day1_Ind2","2020-02-27 12:35:28",NA,2,"Standing",NA,NA,"STATE","43160.470","43160.590","0.120"
"Day1_Ind2","2020-02-27 12:35:28",NA,2,"Movement","Locomotion","Walking","STATE","43161.088","43165.090","4.002"
"Day1_Ind2","2020-02-27 12:35:28",NA,2,"Grazing","Foraging","While walking","STATE","43166.341","43167.000","0.659"
"Day1_Ind2","2020-02-27 12:35:28",NA,2,"Movement","Locomotion","Walking","STATE","43168.241","43169.489","1.248"
"Day1_Ind2","2020-02-27 12:35:28",NA,2,"Standing",NA,NA,"STATE","43169.738","43178.237","8.499"
"Day1_Ind2","2020-02-27 12:35:28",NA,2,"Agnostic behavior",NA,NA,"STATE","43178.549","43180.547","1.998"
"Day1_Ind2","2020-02-27 12:35:28",NA,2,"Other",NA,NA,"STATE","43180.797","43185.049","4.252"
"Day1_Ind2","2020-02-27 12:35:28",NA,2,"Standing",NA,NA,"STATE","43185.571","43187.817","2.246"
"Day1_Ind2","2020-02-27 12:35:28",NA,2,"Other",NA,NA,"STATE","43187.940","43194.939","6.999"
"Day1_Ind2","2020-02-27 12:35:28",NA,2,"Browsing","Browsing","Low","STATE","43195.691","43209.390","13.699"
"Day1_Ind2","2020-02-27 12:35:28",NA,2,"Movement","Locomotion","Walking","STATE","43211.139","43217.136","5.997"
"Day1_Ind2","2020-02-27 12:35:28",NA,2,"Movement","Locomotion","Walking","STATE","43217.567","43222.570","5.003"
"Day1_Ind2","2020-02-27 12:35:28",NA,2,"Standing",NA,NA,"STATE","43224.220","43225.719","1.499"
"Day1_Ind2","2020-02-27 12:35:28",NA,2,"Grazing","Foraging","Ground","STATE","43227.337","43230.088","2.751"
"Day1_Ind2","2020-02-27 12:35:28",NA,2,"Grazing","Foraging","While walking","STATE","43232.119","43232.491","0.372"
"Day1_Ind2","2020-02-27 12:35:28",NA,2,"Agnostic behavior",NA,NA,"STATE","43232.740","43234.237","1.497"
"Day1_Ind2","2020-02-27 12:35:28",NA,2,"Other",NA,NA,"STATE","43234.737","43236.740","2.003"
"Day1_Ind2","2020-02-27 12:35:28",NA,2,"Standing",NA,NA,"STATE","43236.987","43241.491","4.504"
"Day1_Ind2","2020-02-27 12:35:28",NA,2,"Movement","Locomotion","Walking","STATE","43243.489","43245.486","1.997"
"Day1_Ind2","2020-02-27 12:35:28",NA,2,"Standing",NA,NA,"STATE","43245.988","43253.990","8.002"
"Day1_Ind2","2020-02-27 12:35:28",NA,2,"Movement","Locomotion","Walking","STATE","43257.096","43258.097","1.001"
"Day1_Ind2","2020-02-27 12:35:28",NA,2,"Other",NA,NA,"STATE","43258.718","43259.216","0.498"
"Day1_Ind2","2020-02-27 12:35:28",NA,2,"Movement","Locomotion","Walking","STATE","43259.968","43262.470","2.502"
"Day1_Ind2","2020-02-27 12:35:28",NA,2,"Standing",NA,NA,"STATE","43262.869","43263.367","0.498"
"Day1_Ind2","2020-02-27 12:35:28",NA,2,"Movement","Locomotion","Walking","STATE","43263.615","43263.866","0.251"
"Day1_Ind2","2020-02-27 12:35:28",NA,2,"Standing",NA,NA,"STATE","43264.866","43270.489","5.623"
"Day1_Ind2","2020-02-27 12:35:28",NA,2,"Movement","Locomotion","Walking","STATE","43270.989","43279.235","8.246"
"Day1_Ind2","2020-02-27 12:35:28",NA,2,"Movement","Locomotion","Trotting","STATE","43279.700","43282.188","2.488"
"Day1_Ind2","2020-02-27 12:35:28",NA,2,"Movement","Locomotion","Walking","STATE","43282.189","43292.189","10.000"
"Day1_Ind2","2020-02-27 12:35:28",NA,2,"Standing",NA,NA,"STATE","43293.500","43296.500","3.000"
"Day1_Ind2","2020-02-27 12:35:28",NA,2,"Movement","Locomotion","Walking","STATE","43298.247","43312.250","14.003"
"Day1_Ind2","2020-02-27 12:35:28",NA,2,"Grazing","Foraging","While walking","STATE","43313.566","43313.568","0.002"
"Day1_Ind2","2020-02-27 12:35:28",NA,2,"Movement","Locomotion","Walking","STATE","43315.068","43317.567","2.499"
"Day1_Ind2","2020-02-27 12:35:28",NA,2,"Standing",NA,NA,"STATE","43319.069","43325.065","5.996"
"Day1_Ind2","2020-02-27 12:35:28",NA,2,"Movement","Locomotion","Walking","STATE","43327.069","43330.569","3.500"
"Day1_Ind2","2020-02-27 12:35:28",NA,2,"Other",NA,NA,"STATE","43330.815","43332.069","1.254"
"Day1_Ind2","2020-02-27 12:35:28",NA,2,"Movement","Locomotion","Walking","STATE","43333.069","43338.067","4.998"
"Day1_Ind2","2020-02-27 12:35:28",NA,2,"Browsing","Browsing","Low","STATE","43338.815","43344.317","5.502"
"Day1_Ind2","2020-02-27 12:35:28",NA,2,"Movement","Locomotion","Walking","STATE","43344.820","43347.069","2.249"
"Day1_Ind2","2020-02-27 12:35:28",NA,2,"Standing",NA,NA,"STATE","43347.319","43348.190","0.871"
"Day1_Ind2","2020-02-27 12:35:28",NA,2,"Grazing","Foraging","Ground","STATE","43349.689","43352.437","2.748"
"Day1_Ind2","2020-02-27 12:35:28",NA,2,"Standing",NA,NA,"STATE","43353.340","43353.589","0.249"
"Day1_Ind2","2020-02-27 12:35:28",NA,2,"Grazing","Foraging","Ground","STATE","43354.836","43365.838","11.002"
"Day1_Ind2","2020-02-27 12:35:28",NA,2,"Other",NA,NA,"STATE","43367.088","43368.087","0.999"
"Day1_Ind2","2020-02-27 12:35:28",NA,2,"Standing",NA,NA,"STATE","43368.838","43369.340","0.502"
"Day1_Ind2","2020-02-27 12:35:28",NA,2,"Grazing","Foraging","Ground","STATE","43371.088","43383.337","12.249"
"Day1_Ind2","2020-02-27 12:35:28",NA,2,"Grazing","Foraging","Ground","STATE","43385.215","43394.219","9.004"
"Day1_Ind2","2020-02-27 12:35:28",NA,2,"Movement","Locomotion","Walking","STATE","43395.650","43396.769","1.119"
"Day1_Ind2","2020-02-27 12:35:28",NA,2,"Standing",NA,NA,"STATE","43399.768","43402.015","2.247"
"Day1_Ind2","2020-02-27 12:35:28",NA,2,"Other",NA,NA,"STATE","43402.670","43404.672","2.002"
"Day1_Ind2","2020-02-27 12:35:28",NA,2,"Grazing","Foraging","Ground","STATE","43406.167","43407.666","1.499"
"Day1_Ind2","2020-02-27 12:35:28",NA,2,"Standing",NA,NA,"STATE","43409.036","43409.320","0.284"
"Day1_Ind2","2020-02-27 12:35:28",NA,2,"Movement","Locomotion","Walking","STATE","43410.566","43412.570","2.004"
"Day1_Ind2","2020-02-27 12:35:28",NA,2,"Movement","Locomotion","Trotting","STATE","43412.600","43414.099","1.499"
"Day1_Ind2","2020-02-27 12:35:28",NA,2,"Movement","Locomotion","Walking","STATE","43416.350","43420.098","3.748"
"Day1_Ind2","2020-02-27 12:35:28",NA,2,"Other",NA,NA,"STATE","43420.847","43421.120","0.273"
"Day1_Ind2","2020-02-27 12:35:28",NA,2,"Movement","Locomotion","Walking","STATE","43421.367","43425.866","4.499"
"Day1_Ind2","2020-02-27 12:35:28",NA,2,"Standing",NA,NA,"STATE","43427.400","43427.768","0.368"
"Day1_Ind2","2020-02-27 12:35:28",NA,2,"Movement","Locomotion","Walking","STATE","43428.017","43442.519","14.502"
"Day1_Ind2","2020-02-27 12:35:28",NA,2,"Movement","Locomotion","Running","STATE","43443.319","43445.069","1.750"
"Day1_Ind2","2020-02-27 12:35:28",NA,2,"Movement","Locomotion","Trotting","STATE","43445.569","43449.820","4.251"
"Day1_Ind2","2020-02-27 12:35:28",NA,2,"Movement","Locomotion","Walking","STATE","43450.820","43453.500","2.680"
"Day1_Ind2","2020-02-27 12:35:28",NA,2,"Standing",NA,NA,"STATE","43454.499","43455.750","1.251"
"Day1_Ind2","2020-02-27 12:35:28",NA,2,"Movement","Locomotion","Walking","STATE","43456.237","43462.988","6.751"
"Day1_Ind2","2020-02-27 12:35:28",NA,2,"Agnostic behavior",NA,NA,"STATE","43463.640","43465.890","2.250"
"Day1_Ind2","2020-02-27 12:35:28",NA,2,"Movement","Locomotion","Walking","STATE","43466.389","43467.167","0.778"
"Day1_Ind2","2020-02-27 12:35:28",NA,2,"Agnostic behavior",NA,NA,"STATE","43468.165","43470.170","2.005"
"Day1_Ind2","2020-02-27 12:35:28",NA,2,"Movement","Locomotion","Trotting","STATE","43470.287","43471.037","0.750"
"Day1_Ind2","2020-02-27 12:35:28",NA,2,"Movement","Locomotion","Walking","STATE","43471.699","43485.345","13.646"
"Day1_Ind2","2020-02-27 12:35:28",NA,2,"Other",NA,NA,"STATE","43485.747","43486.335","0.588"
"Day1_Ind2","2020-02-27 12:35:28",NA,2,"Movement","Locomotion","Walking","STATE","43486.867","43492.733","5.866"
"Day1_Ind2","2020-02-27 12:35:28",NA,2,"Other",NA,NA,"STATE","43493.200","43495.400","2.200"
"Day1_Ind2","2020-02-27 12:35:28",NA,2,"Movement","Locomotion","Walking","STATE","43496.200","43497.048","0.848"
"Day1_Ind2","2020-02-27 12:35:28",NA,2,"Other",NA,NA,"STATE","43497.299","43508.048","10.749"
"Day1_Ind2","2020-02-27 12:35:28",NA,2,"Movement","Locomotion","Trotting","STATE","43508.546","43510.797","2.251"
"Day1_Ind2","2020-02-27 12:35:28",NA,2,"Missing data",NA,NA,"STATE","43511.046","43514.048","3.002"
"Day1_Ind2","2020-02-27 12:35:28",NA,2,"Movement","Locomotion","Trotting","STATE","43514.089","43516.339","2.250"
"Day1_Ind2","2020-02-27 12:35:28",NA,2,"Movement","Locomotion","Walking","STATE","43517.590","43517.870","0.280"
"Day1_Ind2","2020-02-27 12:35:28",NA,2,"Movement","Locomotion","Trotting","STATE","43518.115","43521.869","3.754"
"Day1_Ind2","2020-02-27 12:35:28",NA,2,"Movement","Locomotion","Walking","STATE","43522.398","43528.516","6.118"
"Day1_Ind2","2020-02-27 12:35:28",NA,2,"Standing",NA,NA,"STATE","43530.300","43532.045","1.745"
"Day1_Ind2","2020-02-27 12:35:28",NA,2,"Movement","Locomotion","Walking","STATE","43533.048","43537.550","4.502"
"Day1_Ind2","2020-02-27 12:35:28",NA,2,"Movement","Locomotion","Trotting","STATE","43537.817","43539.570","1.753"
"Day1_Ind2","2020-02-27 12:35:28",NA,2,"Other",NA,NA,"STATE","43539.819","43541.569","1.750"
"Day1_Ind2","2020-02-27 12:35:28",NA,2,"Movement","Locomotion","Trotting","STATE","43542.067","43545.569","3.502"
"Day1_Ind2","2020-02-27 12:35:28",NA,2,"Missing data",NA,NA,"STATE","43546.088","43549.836","3.748"
"Day1_Ind2","2020-02-27 12:35:28",NA,2,"Movement","Locomotion","Trotting","STATE","43550.087","43553.088","3.001"
"Day1_Ind2","2020-02-27 12:35:28",NA,2,"Other",NA,NA,"STATE","43553.148","43561.647","8.499"
"Day1_Ind2","2020-02-27 12:35:28",NA,2,"Movement","Locomotion","Trotting","STATE","43561.668","43570.569","8.901"
"Day1_Ind2","2020-02-27 12:35:28",NA,2,"Movement","Locomotion","Walking","STATE","43571.434","43573.938","2.504"
"Day1_Ind2","2020-02-27 12:35:28",NA,2,"Standing",NA,NA,"STATE","43574.436","43574.689","0.253"
"Day1_Ind2","2020-02-27 12:35:28",NA,2,"Movement","Locomotion","Walking","STATE","43575.965","43580.969","5.004"
"Day1_Ind2","2020-02-27 12:35:28",NA,2,"Browsing","Browsing","Low","STATE","43581.219","43587.966","6.747"
"Day1_Ind2","2020-02-27 12:35:28",NA,2,"Grazing","Foraging","Ground","STATE","43588.896","43589.146","0.250"
"Day1_Ind2","2020-02-27 12:35:28",NA,2,"Browsing","Browsing","Low","STATE","43591.399","43591.548","0.149"
"Day1_Ind2","2020-02-27 12:35:28",NA,2,"Movement","Locomotion","Walking","STATE","43592.048","43595.549","3.501"
"Day1_Ind2","2020-02-27 12:35:28",NA,2,"Browsing","Browsing","Low","STATE","43596.917","43597.669","0.752"
"Day1_Ind2","2020-02-27 12:35:28",NA,2,"Movement","Locomotion","Walking","STATE","43598.914","43600.668","1.754"
"Day1_Ind2","2020-02-27 12:35:28",NA,2,"Other",NA,NA,"STATE","43601.067","43601.314","0.247"
"Day1_Ind2","2020-02-27 12:35:28",NA,2,"Movement","Locomotion","Walking","STATE","43601.819","43605.068","3.249"
"Day1_Ind2","2020-02-27 12:35:28",NA,2,"Grazing","Foraging","Ground","STATE","43607.102","43610.598","3.496"
"Day1_Ind2","2020-02-27 12:35:28",NA,2,"Agnostic behavior",NA,NA,"STATE","43610.839","43612.836","1.997"
"Day1_Ind2","2020-02-27 12:35:28",NA,2,"Movement","Locomotion","Walking","STATE","43613.119","43614.119","1.000"
"Day1_Ind2","2020-02-27 12:35:28",NA,2,"Grazing","Foraging","Ground","STATE","43615.867","43616.489","0.622"
"Day1_Ind2","2020-02-27 12:35:28",NA,2,"Movement","Locomotion","Walking","STATE","43617.989","43618.991","1.002"
"Day1_Ind2","2020-02-27 12:35:28",NA,2,"Standing",NA,NA,"STATE","43620.398","43622.148","1.750"
"Day1_Ind2","2020-02-27 12:35:28",NA,2,"Movement","Locomotion","Walking","STATE","43623.135","43625.386","2.251"
"Day1_Ind2","2020-02-27 12:35:28",NA,2,"Other",NA,NA,"STATE","43626.889","43627.299","0.410"
"Day1_Ind2","2020-02-27 12:35:28",NA,2,"Movement","Locomotion","Trotting","STATE","43628.044","43630.048","2.004"
"Day1_Ind2","2020-02-27 12:35:28",NA,2,"Missing data",NA,NA,"STATE","43631.047","43637.295","6.248"
"Day1_Ind2","2020-02-27 12:35:28",NA,2,"Movement","Locomotion","Walking","STATE","43637.844","43643.098","5.254"
"Day1_Ind2","2020-02-27 12:35:28",NA,2,"Browsing","Browsing","Low","STATE","43643.497","43648.497","5.000"
"Day1_Ind2","2020-02-27 12:35:28",NA,2,"Browsing","Browsing","Low","STATE","43650.739","43651.488","0.749"
"Day1_Ind2","2020-02-27 12:35:28",NA,2,"Movement","Locomotion","Running","STATE","43652.515","43653.518","1.003"
"Day1_Ind2","2020-02-27 12:35:28",NA,2,"Movement","Locomotion","Trotting","STATE","43653.636","43661.886","8.250"
"Day1_Ind2","2020-02-27 12:35:28",NA,2,"Standing",NA,NA,"STATE","43663.387","43664.638","1.251"
"Day1_Ind2","2020-02-27 12:35:28",NA,2,"Movement","Locomotion","Walking","STATE","43665.886","43669.635","3.749"
"Day1_Ind2","2020-02-27 12:35:28",NA,2,"Movement","Locomotion","Trotting","STATE","43670.096","43672.097","2.001"
"Day1_Ind2","2020-02-27 12:35:28",NA,2,"Movement","Locomotion","Walking","STATE","43672.468","43673.464","0.996"
"Day1_Ind2","2020-02-27 12:35:28",NA,2,"Movement","Locomotion","Trotting","STATE","43673.968","43677.969","4.001"
"Day1_Ind2","2020-02-27 12:35:28",NA,2,"Movement","Locomotion","Walking","STATE","43678.869","43682.116","3.247"
"Day1_Ind2","2020-02-27 12:35:28",NA,2,"Other",NA,NA,"STATE","43682.644","43688.897","6.253"
"Day1_Ind2","2020-02-27 12:35:28",NA,2,"Movement","Locomotion","Walking","STATE","43689.395","43690.395","1.000"
"Day1_Ind2","2020-02-27 12:35:28",NA,2,"Standing",NA,NA,"STATE","43691.149","43691.419","0.270"
"Day1_Ind2","2020-02-27 12:35:28",NA,2,"Grazing","Foraging","Ground","STATE","43692.167","43695.169","3.002"
"Day1_Ind2","2020-02-27 12:35:28",NA,2,"Grazing","Foraging","While walking","STATE","43695.199","43696.946","1.747"
"Day1_Ind2","2020-02-27 12:35:28",NA,2,"Grazing","Foraging","Ground","STATE","43697.197","43707.947","10.750"
"Day1_Ind2","2020-02-27 12:35:28",NA,2,"Other",NA,NA,"STATE","43708.748","43709.249","0.501"
"Day1_Ind2","2020-02-27 12:35:28",NA,2,"Standing",NA,NA,"STATE","43710.697","43712.498","1.801"
"Day1_Ind2","2020-02-27 12:35:28",NA,2,"Movement","Locomotion","Walking","STATE","43713.747","43718.649","4.902"
"Day1_Ind2","2020-02-27 12:35:28",NA,2,"Standing",NA,NA,"STATE","43719.648","43720.544","0.896"
"Day1_Ind2","2020-02-27 12:35:28",NA,2,"Movement","Locomotion","Walking","STATE","43721.544","43730.795","9.251"
"Day1_Ind2","2020-02-27 12:35:28",NA,2,"Grazing","Foraging","While walking","STATE","43732.186","43732.688","0.502"
"Day1_Ind2","2020-02-27 12:35:28",NA,2,"Grazing","Foraging","Ground","STATE","43733.688","43739.438","5.750"
"Day1_Ind2","2020-02-27 12:35:28",NA,2,"Grazing","Foraging","Ground","STATE","43740.687","43761.436","20.749"
"Day1_Ind2","2020-02-27 12:35:28",NA,2,"Movement","Locomotion","Walking","STATE","43763.687","43786.435","22.748"
"Day1_Ind2","2020-02-27 12:35:28",NA,2,"Missing data",NA,NA,"STATE","43787.669","43788.667","0.998"
"Day1_Ind2","2020-02-27 12:35:28",NA,2,"Grazing","Foraging","Ground","STATE","43788.916","43822.419","33.503"
"Day1_Ind2","2020-02-27 12:35:28",NA,2,"Standing",NA,NA,"STATE","43823.419","43830.419","7.000"
"Day1_Ind2","2020-02-27 12:35:28",NA,2,"Grazing","Foraging","Ground","STATE","43832.918","43837.403","4.485"
"Day1_Ind2","2020-02-27 12:35:28",NA,2,"Grazing","Foraging","While walking","STATE","43837.404","43838.619","1.215"
"Day1_Ind2","2020-02-27 12:35:28",NA,2,"Grazing","Foraging","Ground","STATE","43839.365","43839.869","0.504"
"Day1_Ind2","2020-02-27 12:35:28",NA,2,"Movement","Locomotion","Walking","STATE","43841.869","43841.895","0.026"
"Day1_Ind2","2020-02-27 12:35:28",NA,2,"Movement","Locomotion","Trotting","STATE","43842.395","43843.394","0.999"
"Day1_Ind2","2020-02-27 12:35:28",NA,2,"Standing",NA,NA,"STATE","43844.768","43848.766","3.998"
"Day1_Ind2","2020-02-27 12:35:28",NA,2,"Movement","Locomotion","Walking","STATE","43849.768","43853.018","3.250"
"Day1_Ind2","2020-02-27 12:35:28",NA,2,"Grazing","Foraging","Ground","STATE","43854.038","43854.444","0.406"
"Day1_Ind2","2020-02-27 12:35:28",NA,2,"Grazing","Foraging","While walking","STATE","43854.944","43856.194","1.250"
"Day1_Ind2","2020-02-27 12:35:28",NA,2,"Agnostic behavior",NA,NA,"STATE","43857.067","43857.565","0.498"
"Day1_Ind2","2020-02-27 12:35:28",NA,2,"Grazing","Foraging","While walking","STATE","43859.067","43859.815","0.748"
"Day1_Ind2","2020-02-27 12:35:28",NA,2,"Grazing","Foraging","Ground","STATE","43860.065","43860.568","0.503"
"Day1_Ind2","2020-02-27 12:35:28",NA,2,"Standing",NA,NA,"STATE","43862.596","43870.344","7.748"
"Day1_Ind2","2020-02-27 12:35:28",NA,2,"Grazing","Foraging","Ground","STATE","43872.093","43872.345","0.252"
"Day1_Ind2","2020-02-27 12:35:28",NA,2,"Agnostic behavior",NA,NA,"STATE","43872.988","43874.484","1.496"
"Day1_Ind2","2020-02-27 12:35:28",NA,2,"Grazing","Foraging","While walking","STATE","43875.486","43877.988","2.502"
"Day1_Ind2","2020-02-27 12:35:28",NA,2,"Grazing","Foraging","Ground","STATE","43878.388","43879.390","1.002"
"Day1_Ind2","2020-02-27 12:35:28",NA,2,"Movement","Locomotion","Walking","STATE","43880.634","43882.385","1.751"
"Day1_Ind2","2020-02-27 12:35:28",NA,2,"Agnostic behavior",NA,NA,"STATE","43883.375","43885.543","2.168"
"Day1_Ind2","2020-02-27 12:35:28",NA,2,"Movement","Locomotion","Walking","STATE","43887.088","43887.297","0.209"
"Day1_Ind2","2020-02-27 12:35:28",NA,2,"Grazing","Foraging","Ground","STATE","43889.196","43891.194","1.998"
"Day1_Ind2","2020-02-27 12:35:28",NA,2,"Standing",NA,NA,"STATE","43892.696","43896.946","4.250"
"Day1_Ind2","2020-02-27 12:35:28",NA,2,"Other",NA,NA,"STATE","43897.087","43898.587","1.500"
"Day1_Ind2","2020-02-27 12:35:28",NA,2,"Standing",NA,NA,"STATE","43899.587","43899.836","0.249"
"Day1_Ind2","2020-02-27 12:35:28",NA,2,"Grazing","Foraging","Ground","STATE","43901.586","43911.085","9.499"
"Day1_Ind2","2020-02-27 12:35:28",NA,2,"Movement","Locomotion","Walking","STATE","43912.884","43917.638","4.754"
"Day1_Ind2","2020-02-27 12:35:28",NA,2,"Standing",NA,NA,"STATE","43918.537","43918.944","0.407"
"Day1_Ind2","2020-02-27 12:35:28",NA,2,"Other",NA,NA,"STATE","43920.696","43931.193","10.497"
"Day1_Ind2","2020-02-27 12:35:28",NA,2,"Movement","Locomotion","Walking","STATE","43931.998","43938.994","6.996"
"Day1_Ind2","2020-02-27 12:35:28",NA,2,"Grazing","Foraging","While walking","STATE","43940.148","43941.143","0.995"
"Day1_Ind2","2020-02-27 12:35:28",NA,2,"Grazing","Foraging","Ground","STATE","43941.645","43947.648","6.003"
"Day1_Ind2","2020-02-27 12:35:28",NA,2,"Movement","Locomotion","Walking","STATE","43949.145","43949.148","0.003"
"Day1_Ind2","2020-02-27 12:35:28",NA,2,"Grazing","Foraging","While walking","STATE","43950.447","43951.444","0.997"
"Day1_Ind2","2020-02-27 12:35:28",NA,2,"Grazing","Foraging","Ground","STATE","43951.943","43967.198","15.255"
"Day1_Ind2","2020-02-27 12:35:28",NA,2,"Standing",NA,NA,"STATE","43968.984","43971.984","3.000"
"Day1_Ind2","2020-02-27 12:35:28",NA,2,"Grazing","Foraging","Ground","STATE","43973.237","43974.238","1.001"
"Day1_Ind2","2020-02-27 12:35:28",NA,2,"Agnostic behavior",NA,NA,"STATE","43974.637","43975.888","1.251"
"Day1_Ind2","2020-02-27 12:35:28",NA,2,"Standing",NA,NA,"STATE","43976.385","43986.888","10.503"
"Day1_Ind2","2020-02-27 12:35:28",NA,2,"Grazing","Foraging","Ground","STATE","43988.384","43990.384","2.000"
"Day1_Ind2","2020-02-27 12:35:28",NA,2,"Grazing","Foraging","While walking","STATE","43991.467","43993.967","2.500"
"Day1_Ind2","2020-02-27 12:35:28",NA,2,"Grazing","Foraging","Ground","STATE","43994.717","44013.717","19.000"
"Day1_Ind2","2020-02-27 12:35:28",NA,2,"Movement","Locomotion","Walking","STATE","44015.285","44019.786","4.501"
"Day1_Ind2","2020-02-27 12:35:28",NA,2,"Grazing","Foraging","While walking","STATE","44020.684","44021.346","0.662"
"Day1_Ind2","2020-02-27 12:35:28",NA,2,"Agnostic behavior",NA,NA,"STATE","44022.098","44023.348","1.250"
"Day1_Ind2","2020-02-27 12:35:28",NA,2,"Standing",NA,NA,"STATE","44024.597","44032.594","7.997"
"Day1_Ind2","2020-02-27 12:35:28",NA,2,"Movement","Locomotion","Walking","STATE","44033.346","44034.488","1.142"
"Day1_Ind2","2020-02-27 12:35:28",NA,2,"Agnostic behavior",NA,NA,"STATE","44034.736","44035.988","1.252"
"Day1_Ind2","2020-02-27 12:35:28",NA,2,"Movement","Locomotion","Walking","STATE","44036.485","44041.794","5.309"
"Day1_Ind2","2020-02-27 12:35:28",NA,2,"Other",NA,NA,"STATE","44043.046","44048.548","5.502"
"Day1_Ind2","2020-02-27 12:35:28",NA,2,"Standing",NA,NA,"STATE","44049.045","44050.045","1.000"
"Day1_Ind2","2020-02-27 12:35:28",NA,2,"Movement","Locomotion","Walking","STATE","44051.047","44051.315","0.268"
"Day1_Ind2","2020-02-27 12:35:28",NA,2,"Other",NA,NA,"STATE","44052.317","44061.068","8.751"
"Day1_Ind2","2020-02-27 12:35:28",NA,2,"Movement","Locomotion","Walking","STATE","44062.567","44064.065","1.498"
"Day1_Ind2","2020-02-27 12:35:28",NA,2,"Grazing","Foraging","Ground","STATE","44065.487","44067.987","2.500"
"Day1_Ind2","2020-02-27 12:35:28",NA,2,"Movement","Locomotion","Walking","STATE","44069.735","44069.885","0.150"
"Day1_Ind2","2020-02-27 12:35:28",NA,2,"Grazing","Foraging","While walking","STATE","44070.635","44071.636","1.001"
"Day1_Ind2","2020-02-27 12:35:28",NA,2,"Movement","Locomotion","Walking","STATE","44072.138","44091.888","19.750"
"Day1_Ind2","2020-02-27 12:35:28",NA,2,"Standing",NA,NA,"STATE","44095.745","44098.998","3.253"
"Day1_Ind2","2020-02-27 12:35:28",NA,2,"Other",NA,NA,"STATE","44099.145","44100.147","1.002"
"Day1_Ind2","2020-02-27 12:35:28",NA,2,"Grazing","Foraging","Ground","STATE","44100.484","44101.015","0.531"
"Day1_Ind2","2020-02-27 12:35:28",NA,2,"Standing",NA,NA,"STATE","44102.017","44107.014","4.997"
"Day1_Ind2","2020-02-27 12:35:28",NA,2,"Movement","Locomotion","Walking","STATE","44108.521","44109.038","0.517"
"Day1_Ind2","2020-02-27 12:35:28",NA,2,"Grazing","Foraging","While walking","STATE","44110.037","44111.034","0.997"
"Day1_Ind2","2020-02-27 12:35:28",NA,2,"Grazing","Foraging","Ground","STATE","44111.278","44111.288","0.010"
"Day1_Ind2","2020-02-27 12:35:28",NA,2,"Standing",NA,NA,"STATE","44111.947","44112.448","0.501"
"Day1_Ind2","2020-02-27 12:35:28",NA,2,"Movement","Locomotion","Walking","STATE","44113.066","44117.568","4.502"
"Day1_Ind2","2020-02-27 12:35:28",NA,2,"Standing",NA,NA,"STATE","44118.567","44119.564","0.997"
"Day1_Ind2","2020-02-27 12:35:28",NA,2,"Movement","Locomotion","Walking","STATE","44121.318","44125.567","4.249"
"Day1_Ind2","2020-02-27 12:35:28",NA,2,"Movement","Locomotion","Trotting","STATE","44126.000","44127.867","1.867"
"Day1_Ind2","2020-02-27 12:35:28",NA,2,"Movement","Locomotion","Walking","STATE","44128.365","44133.868","5.503"
"Day1_Ind2","2020-02-27 12:35:28",NA,2,"Movement","Locomotion","Trotting","STATE","44134.636","44137.637","3.001"
"Day1_Ind2","2020-02-27 12:35:28",NA,2,"Movement","Locomotion","Walking","STATE","44138.138","44159.136","20.998"
"Day1_Ind2","2020-02-27 12:35:28",NA,2,"Grazing","Foraging","While walking","STATE","44160.986","44161.234","0.248"
"Day1_Ind2","2020-02-27 12:35:28",NA,2,"Grazing","Foraging","Ground","STATE","44161.486","44162.737","1.251"
"Day1_Ind2","2020-02-27 12:35:28",NA,2,"Standing",NA,NA,"STATE","44164.145","44171.648","7.503"
"Day1_Ind2","2020-02-27 12:35:28",NA,2,"Grazing","Foraging","Ground","STATE","44174.166","44174.968","0.802"
"Day1_Ind2","2020-02-27 12:35:28",NA,2,"Movement","Locomotion","Walking","STATE","44175.696","44175.947","0.251"
"Day1_Ind2","2020-02-27 12:35:28",NA,2,"Grazing","Foraging","While walking","STATE","44177.197","44178.446","1.249"
"Day1_Ind2","2020-02-27 12:35:28",NA,2,"Grazing","Foraging","Ground","STATE","44178.697","44178.947","0.250"
"Day1_Ind2","2020-02-27 12:35:28",NA,2,"Movement","Locomotion","Walking","STATE","44180.196","44185.197","5.001"
"Day1_Ind2","2020-02-27 12:35:28",NA,2,"Movement","Locomotion","Trotting","STATE","44185.337","44189.086","3.749"
"Day1_Ind2","2020-02-27 12:35:28",NA,2,"Movement","Locomotion","Walking","STATE","44189.366","44190.868","1.502"
"Day1_Ind2","2020-02-27 12:35:28",NA,2,"Standing",NA,NA,"STATE","44191.737","44191.987","0.250"
"Day1_Ind2","2020-02-27 12:35:28",NA,2,"Movement","Locomotion","Walking","STATE","44193.992","44194.395","0.403"
"Day1_Ind2","2020-02-27 12:35:28",NA,2,"Movement","Locomotion","Trotting","STATE","44195.146","44196.645","1.499"
"Day1_Ind2","2020-02-27 12:35:28",NA,2,"Movement","Locomotion","Walking","STATE","44196.897","44209.288","12.391"
"Day1_Ind2","2020-02-27 12:35:28",NA,2,"Standing",NA,NA,"STATE","44210.318","44218.068","7.750"
"Day1_Ind2","2020-02-27 12:35:28",NA,2,"Movement","Locomotion","Walking","STATE","44220.585","44237.088","16.503"
